3,2
3,4
3,5
3,9
3,18
3,19
3,20
3,21
3,22
3,23
3,24
3,25
3,26
49,48
49,50
49,52
49,53
49,55
49,56
49,57
49,58
49,59
49,60
49,61
64,63
64,65
64,66
69,68
69,70
69,71
69,73
69,74
77,76
79,80
79,90
79,91
79,94
79,95
98,97
101,100
101,102
101,103
106,105
106,108
111,110
114,113
114,126
128,129
128,135
138,137
138,139
138,140
138,141
138,142
138,143
138,144
138,145
138,146
138,147
138,148
138,149
138,150
138,151
138,152
138,153
138,154
138,155
138,156
138,181
138,182
138,183
138,184
138,185
138,186
138,187
138,188
138,189
138,190
138,191
138,192
138,193
138,194
138,195
138,196
138,197
138,198
138,199
138,200
138,201
138,202
138,203
138,204
138,205
138,206
138,207
138,208
138,209
138,210
138,211
138,212
138,213
138,214
138,215
138,216
138,217
138,258
138,259
138,260
138,261
138,263
138,264
138,265
138,266
138,267
138,268
138,269
138,270
138,271
138,272
138,277
138,278
138,279
138,280
138,281
138,282
138,283
138,284
138,285
138,286
138,287
138,288
138,289
138,290
138,291
138,292
138,293
138,294
138,295
138,296
138,297
300,299
300,301
300,302
300,303
507,506
507,508
511,510
514,513
514,515
514,516
514,517
520,519
520,521
520,522
520,523
520,524
520,525
520,526
520,527
520,528
520,529
520,530
520,531
520,532
520,533
536,535
536,537
536,538
536,539
536,540
536,541
536,542
545,544
545,546
545,547
545,548
545,549
545,551
545,552
545,553
545,555
545,557
545,558
545,559
562,561
562,563
562,564
562,565
562,566
562,567
562,568
562,569
562,570
562,571
562,572
562,573
562,574
562,575
562,576
562,577
562,578
562,579
582,581
582,583
582,584
582,585
582,586
582,587
590,589
590,591
590,592
590,593
590,594
590,595
590,596
590,597
590,598
590,599
602,601
602,603
602,604
602,605
602,606
602,607
602,608
602,609
602,610
602,611
602,612
602,613
602,614
602,615
602,616
602,617
602,618
602,619
602,620
602,621
602,622
602,623
602,624
627,626
627,628
627,629
627,630
633,632
633,635
633,636
633,637
633,638
633,639
642,641
642,643
642,644
642,645
642,646
642,647
642,648
642,649
642,650
642,651
642,652
642,653
642,654
642,655
642,656
642,657
642,658
642,659
642,660
642,661
642,662
642,663
642,664
642,665
642,666
642,667
670,669
670,671
670,672
670,673
670,674
677,676
677,678
677,679
677,680
677,681
677,682
677,683
686,685
686,687
686,688
686,689
686,690
686,691
686,692
686,694
686,695
698,697
698,699
698,700
703,702
703,704
703,705
703,706
703,707
710,709
710,711
710,712
710,713
717,716
717,718
717,719
717,720
717,721
717,722
717,723
717,724
717,725
717,726
717,727
717,728
717,729
717,730
717,731
734,733
734,735
734,736
734,737
741,740
741,742
741,743
741,744
746,745
746,747
746,748
746,749
746,750
746,751
746,754
746,756
746,757
746,758
746,759
746,760
746,761
746,762
746,763
746,764
746,765
746,766
746,767
746,768
746,769
746,770
746,771
746,772
746,773
746,774
746,775
746,776
746,777
746,778
746,779
746,780
746,781
746,782
746,783
746,784
746,785
746,786
746,787
746,788
746,789
746,790
746,791
746,792
746,793
746,794
746,795
746,796
746,797
746,798
746,799
746,800
746,801
746,802
746,803
746,804
746,805
746,806
746,807
746,808
746,809
746,810
746,811
746,812
746,813
746,814
746,815
746,816
746,817
746,818
746,819
746,820
746,821
746,822
746,823
746,824
746,825
746,826
746,827
746,828
746,829
746,830
746,832
835,834
835,836
835,837
835,838
841,840
841,842
841,843
841,844
841,845
850,849
850,851
850,852
850,853
850,854
850,855
858,857
858,859
858,860
858,861
858,862
858,863
858,864
858,865
858,866
858,867
858,868
858,869
858,870
858,871
858,872
858,873
858,874
858,875
858,876
858,877
858,878
858,879
858,880
858,881
858,882
858,883
858,884
858,885
858,886
858,887
858,888
858,889
858,890
858,891
858,892
858,893
858,894
858,895
858,896
858,897
858,898
901,900
901,902
901,903
901,904
901,905
901,906
901,907
901,908
901,909
901,910
901,911
901,912
901,913
901,914
901,915
901,916
901,917
901,918
901,919
901,920
901,921
901,922
901,923
901,924
901,925
901,926
901,927
901,928
901,929
901,930
901,931
901,932
901,933
901,934
901,935
901,936
901,937
901,938
901,939
901,940
901,941
901,942
901,943
901,944
901,945
901,946
901,947
901,948
901,949
901,950
901,951
901,952
901,953
901,954
901,955
901,956
901,958
901,959
962,961
962,963
962,964
962,965
962,966
962,967
970,969
970,971
970,972
970,973
970,974
970,975
970,976
970,977
970,978
970,979
970,980
970,981
970,982
970,983
970,984
970,985
970,986
970,987
970,988
970,989
970,990
970,991
970,992
970,993
970,994
970,995
970,996
970,999
970,1000
970,1001
970,1002
970,1003
970,1004
970,1005
970,1006
970,1007
970,1008
970,1009
970,1010
970,1011
970,1012
970,1013
970,1014
970,1015
970,1017
970,1018
970,1019
970,1020
970,1021
970,1022
970,1023
970,1024
970,1025
970,1026
970,1027
970,1028
970,1029
970,1030
970,1031
970,1032
970,1033
1035,1036
1035,1037
1035,1038
1035,1039
1035,1040
1035,1041
1035,1042
1035,1043
1035,1044
1035,1045
1035,1046
1035,1047
1035,1048
1035,1049
1035,1050
1035,1051
1035,1052
1035,1053
1035,1054
1035,1055
1035,1056
1035,1057
1035,1058
1035,1059
1035,1060
1035,1061
1035,1062
1035,1063
1035,1064
1035,1065
1035,1066
1035,1067
1035,1068
1035,1069
1035,1070
1035,1071
1035,1072
1035,1073
1035,1074
1035,1075
1078,1077
1078,1079
1078,1080
1078,1081
1084,1083
1084,1085
1084,1086
1084,1087
1084,1088
1084,1089
1084,1090
1084,1091
1084,1092
1084,1093
1084,1094
1084,1095
1084,1096
1084,1097
1084,1098
1084,1099
1084,1100
1084,1101
1084,1102
1084,1103
1084,1104
1084,1105
1084,1106
1084,1107
1084,1108
1084,1109
1084,1110
1084,1111
1114,1113
1114,1115
1114,1116
1114,1117
1114,1118
1114,1119
1114,1120
1114,1121
1114,1122
1114,1123
1126,1125
1126,1127
1126,1128
1126,1129
1126,1130
1126,1131
1126,1132
1126,1133
1126,1134
1126,1135
1126,1136
1139,1138
1139,1140
1139,1141
1139,1142
1139,1143
1139,1144
1139,1145
1139,1146
1139,1147
1139,1148
1139,1149
1139,1150
1139,1151
1139,1152
1139,1153
1139,1154
1139,1155
1139,1156
1139,1157
1139,1158
1139,1159
1139,1160
1139,1161
1164,1163
1164,1165
1164,1166
1164,1167
1164,1168
1164,1170
1164,1172
1164,1173
1164,1174
1177,1176
1177,1178
1177,1179
1177,1180
1177,1181
1177,1182
1177,1184
1187,1186
1187,1188
1187,1189
1187,1190
1187,1191
1194,1193
1194,1195
1194,1196
1194,1197
1200,1199
1200,1201
1200,1202
1200,1203
1200,1204
1200,1205
1200,1206
1200,1207
1200,1208
1211,1210
1211,1212
1211,1213
1221,1220
1221,1222
1221,1223
1221,1224
1221,1225
1221,1226
1221,1227
1221,1228
1221,1229
1221,1230
1233,1232
1233,1234
1233,1235
1233,1236
1233,1237
1233,1238
1233,1239
1233,1240
1233,1241
1233,1242
1233,1243
1233,1244
1233,1245
1233,1246
1233,1247
1233,1248
1233,1249
1233,1250
1233,1251
1233,1252
1233,1253
1233,1254
1233,1255
1233,1256
1233,1257
1233,1258
1233,1259
1233,1260
1233,1261
1233,1262
1233,1263
1233,1264
1233,1265
1233,1266
1233,1267
1233,1268
1233,1269
1233,1270
1233,1271
1233,1272
1233,1273
1233,1274
1233,1275
1233,1276
1233,1277
1233,1278
1233,1279
1233,1280
1233,1281
1233,1282
1233,1283
1233,1284
1233,1285
1233,1286
1233,1289
1233,1290
1233,1291
1233,1292
1233,1293
1233,1294
1233,1295
1233,1296
1233,1297
1233,1298
1233,1299
1233,1300
1233,1301
1233,1302
1233,1303
1233,1304
1233,1305
1233,1306
1233,1308
1233,1309
1233,1310
1233,1311
1233,1312
1233,1313
1233,1316
1233,1317
1233,1318
1233,1320
1233,1321
1233,1322
1233,1323
1233,1324
1233,1325
1233,1326
1233,1327
1233,1329
1233,1331
1233,1333
1233,1334
1233,1335
1233,1337
1233,1338
1233,1339
1233,1340
1233,1341
1233,1342
1233,1343
1233,1345
1233,1348
1233,1349
1233,1350
1233,1353
1233,1354
1233,1355
1233,1356
1233,1357
1233,1358
1233,1359
1233,1360
3,2
3,4
3,5
3,9
3,18
3,19
3,20
3,21
3,22
3,23
3,24
3,25
3,26
49,48
49,50
49,52
49,53
49,55
49,56
49,57
49,58
49,59
49,60
49,61
64,63
64,65
64,66
69,68
69,70
69,71
69,73
69,74
77,76
79,80
79,90
79,91
79,94
79,95
98,97
101,100
101,102
101,103
106,105
106,108
111,110
114,113
114,126
128,129
128,135
138,137
138,139
138,140
138,141
138,142
138,143
138,144
138,145
138,146
138,147
138,148
138,149
138,150
138,151
138,152
138,153
138,154
138,155
138,156
138,181
138,182
138,183
138,184
138,185
138,186
138,187
138,188
138,189
138,190
138,191
138,192
138,193
138,194
138,195
138,196
138,197
138,198
138,199
138,200
138,201
138,202
138,203
138,204
138,205
138,206
138,207
138,208
138,209
138,210
138,211
138,212
138,213
138,214
138,215
138,216
138,217
138,258
138,259
138,260
138,261
138,263
138,264
138,265
138,266
138,267
138,268
138,269
138,270
138,271
138,272
138,277
138,278
138,279
138,280
138,281
138,282
138,283
138,284
138,285
138,286
138,287
138,288
138,289
138,290
138,291
138,292
138,293
138,294
138,295
138,296
138,297
138,262
300,299
300,301
300,302
300,303
300,304
300,305
300,306
300,307
300,308
300,309
300,310
300,311
300,312
300,313
300,314
300,315
300,316
300,317
300,318
300,319
300,320
300,321
300,322
300,323
300,324
300,325
300,326
300,327
300,328
300,329
300,330
300,331
300,332
300,333
300,334
300,335
300,336
300,337
300,338
300,339
300,340
300,341
300,342
300,343
300,344
300,345
300,346
300,347
300,348
300,349
300,350
300,351
300,352
300,353
300,354
300,355
300,356
300,357
300,358
300,359
300,360
300,361
300,362
300,363
300,364
300,365
300,366
300,367
300,368
300,369
300,370
300,371
300,372
300,373
300,374
300,375
300,376
300,377
300,378
300,379
300,380
300,381
300,382
300,383
300,384
300,385
300,386
300,387
300,388
300,389
300,390
300,391
300,392
300,393
300,394
300,395
300,396
300,397
300,398
300,399
300,400
300,401
300,402
300,403
300,404
300,405
300,406
300,407
300,408
300,409
300,410
300,411
300,412
300,413
300,414
300,415
300,416
300,417
300,418
300,419
300,420
300,421
300,422
300,423
300,424
300,425
300,426
300,427
300,428
300,429
300,430
300,431
300,432
300,433
300,434
300,435
300,436
300,437
300,438
300,439
300,440
300,441
300,442
300,443
300,444
300,445
300,446
300,447
300,448
300,449
300,450
300,451
300,452
300,453
300,454
300,455
300,456
300,457
300,458
300,459
300,460
300,461
300,462
300,463
300,464
300,465
300,466
300,467
300,468
300,469
300,470
300,471
300,472
300,473
300,474
300,475
300,476
300,477
300,478
300,479
300,480
300,481
300,482
300,483
300,484
300,485
300,486
300,487
300,488
300,489
300,490
300,491
300,492
300,493
300,494
300,495
300,496
300,497
300,498
300,499
300,500
300,501
300,502
300,503
300,504
507,506
507,508
511,510
514,513
514,515
514,516
514,517
520,519
520,521
520,522
520,523
520,524
520,525
520,526
520,527
520,528
520,529
520,530
520,531
520,532
520,533
536,535
536,537
536,538
536,539
536,540
536,541
536,542
545,544
545,546
545,547
545,548
545,549
545,551
545,552
545,553
545,555
545,557
545,558
545,559
562,561
562,563
562,564
562,565
562,566
562,567
562,568
562,569
562,570
562,571
562,572
562,573
562,574
562,575
562,576
562,577
562,578
562,579
582,581
582,583
582,584
582,585
582,586
582,587
590,589
590,591
590,592
590,593
590,594
590,595
590,596
590,597
590,598
590,599
602,601
602,603
602,604
602,605
602,606
602,607
602,608
602,609
602,610
602,611
602,612
602,613
602,614
602,615
602,616
602,617
602,618
602,619
602,620
602,621
602,622
602,623
602,624
627,626
627,628
627,629
627,630
633,632
633,635
633,636
633,637
633,638
633,639
642,641
642,643
642,644
642,645
642,646
642,647
642,648
642,649
642,650
642,651
642,652
642,653
642,654
642,655
642,656
642,657
642,658
642,659
642,660
642,661
642,662
642,663
642,664
642,665
642,666
642,667
670,669
670,671
670,672
670,673
670,674
677,676
677,678
677,679
677,680
677,681
677,682
677,683
686,685
686,687
686,688
686,689
686,690
686,691
686,692
686,694
686,695
698,697
698,699
698,700
703,702
703,704
703,705
703,706
703,707
710,709
710,711
710,712
710,713
717,716
717,718
717,719
717,720
717,721
717,722
717,723
717,724
717,725
717,726
717,727
717,728
717,729
717,730
717,731
734,733
734,735
734,736
734,737
741,740
741,742
741,743
741,744
746,745
746,747
746,748
746,749
746,750
746,751
746,754
746,756
746,757
746,758
746,759
746,760
746,761
746,762
746,763
746,764
746,765
746,766
746,767
746,768
746,769
746,770
746,771
746,772
746,773
746,774
746,775
746,776
746,777
746,778
746,779
746,780
746,781
746,782
746,783
746,784
746,785
746,786
746,787
746,788
746,789
746,790
746,791
746,792
746,793
746,794
746,795
746,796
746,797
746,798
746,799
746,800
746,801
746,802
746,803
746,804
746,805
746,806
746,807
746,808
746,809
746,810
746,811
746,812
746,813
746,814
746,815
746,816
746,817
746,818
746,819
746,820
746,821
746,822
746,823
746,824
746,825
746,826
746,827
746,828
746,829
746,830
746,832
835,834
835,836
835,837
835,838
841,840
841,842
841,843
841,844
841,845
850,849
850,851
850,852
850,853
850,854
850,855
858,857
858,859
858,860
858,861
858,862
858,863
858,864
858,865
858,866
858,867
858,868
858,869
858,870
858,871
858,872
858,873
858,874
858,875
858,876
858,877
858,878
858,879
858,880
858,881
858,882
858,883
858,884
858,885
858,886
858,887
858,888
858,889
858,890
858,891
858,892
858,893
858,894
858,895
858,896
858,897
858,898
901,900
901,902
901,903
901,904
901,905
901,906
901,907
901,908
901,909
901,910
901,911
901,912
901,913
901,914
901,915
901,916
901,917
901,918
901,919
901,920
901,921
901,922
901,923
901,924
901,925
901,926
901,927
901,928
901,929
901,930
901,931
901,932
901,933
901,934
901,935
901,936
901,937
901,938
901,939
901,940
901,941
901,942
901,943
901,944
901,945
901,946
901,947
901,948
901,949
901,950
901,951
901,952
901,953
901,954
901,955
901,956
901,958
901,959
962,961
962,963
962,964
962,965
962,966
962,967
970,969
970,971
970,972
970,973
970,974
970,975
970,976
970,977
970,978
970,979
970,980
970,981
970,982
970,983
970,984
970,985
970,986
970,987
970,988
970,989
970,990
970,991
970,992
970,993
970,994
970,995
970,996
970,999
970,1000
970,1001
970,1002
970,1003
970,1004
970,1005
970,1006
970,1007
970,1008
970,1009
970,1010
970,1011
970,1012
970,1013
970,1014
970,1015
970,1017
970,1018
970,1019
970,1020
970,1021
970,1022
970,1023
970,1024
970,1025
970,1026
970,1027
970,1028
970,1029
970,1030
970,1031
970,1032
970,1033
1035,1036
1035,1037
1035,1038
1035,1039
1035,1040
1035,1041
1035,1042
1035,1043
1035,1044
1035,1045
1035,1046
1035,1047
1035,1048
1035,1049
1035,1050
1035,1051
1035,1052
1035,1053
1035,1054
1035,1055
1035,1056
1035,1057
1035,1058
1035,1059
1035,1060
1035,1061
1035,1062
1035,1063
1035,1064
1035,1065
1035,1066
1035,1067
1035,1068
1035,1069
1035,1070
1035,1071
1035,1072
1035,1073
1035,1074
1035,1075
1078,1077
1078,1079
1078,1080
1078,1081
1084,1083
1084,1085
1084,1086
1084,1087
1084,1088
1084,1089
1084,1090
1084,1091
1084,1092
1084,1093
1084,1094
1084,1095
1084,1096
1084,1097
1084,1098
1084,1099
1084,1100
1084,1101
1084,1102
1084,1103
1084,1104
1084,1105
1084,1106
1084,1107
1084,1108
1084,1109
1084,1110
1084,1111
1114,1113
1114,1115
1114,1116
1114,1117
1114,1118
1114,1119
1114,1120
1114,1121
1114,1122
1114,1123
1126,1125
1126,1127
1126,1128
1126,1129
1126,1130
1126,1131
1126,1132
1126,1133
1126,1134
1126,1135
1126,1136
1139,1138
1139,1140
1139,1141
1139,1142
1139,1143
1139,1144
1139,1145
1139,1146
1139,1147
1139,1148
1139,1149
1139,1150
1139,1151
1139,1152
1139,1153
1139,1154
1139,1155
1139,1156
1139,1157
1139,1158
1139,1159
1139,1160
1139,1161
1164,1163
1164,1165
1164,1166
1164,1167
1164,1168
1164,1170
1164,1172
1164,1173
1164,1174
1177,1176
1177,1178
1177,1179
1177,1180
1177,1181
1177,1182
1177,1184
1187,1186
1187,1188
1187,1189
1187,1190
1187,1191
1194,1193
1194,1195
1194,1196
1194,1197
1200,1199
1200,1201
1200,1202
1200,1203
1200,1204
1200,1205
1200,1206
1200,1207
1200,1208
1211,1210
1211,1212
1211,1213
1221,1220
1221,1222
1221,1223
1221,1224
1221,1225
1221,1226
1221,1227
1221,1228
1221,1229
1221,1230
1233,1232
1233,1234
1233,1235
1233,1236
1233,1237
1233,1238
1233,1239
1233,1240
1233,1241
1233,1242
1233,1243
1233,1244
1233,1245
1233,1246
1233,1247
1233,1248
1233,1249
1233,1250
1233,1251
1233,1252
1233,1253
1233,1254
1233,1255
1233,1256
1233,1257
1233,1258
1233,1259
1233,1260
1233,1261
1233,1262
1233,1263
1233,1264
1233,1265
1233,1266
1233,1267
1233,1268
1233,1269
1233,1270
1233,1271
1233,1272
1233,1273
1233,1274
1233,1275
1233,1276
1233,1277
1233,1278
1233,1279
1233,1280
1233,1281
1233,1282
1233,1283
1233,1284
1233,1285
1233,1286
1233,1289
1233,1290
1233,1291
1233,1292
1233,1293
1233,1294
1233,1295
1233,1296
1233,1297
1233,1298
1233,1299
1233,1300
1233,1301
1233,1302
1233,1303
1233,1304
1233,1305
1233,1306
1233,1308
1233,1309
1233,1310
1233,1311
1233,1312
1233,1313
1233,1316
1233,1317
1233,1318
1233,1320
1233,1321
1233,1322
1233,1323
1233,1324
1233,1325
1233,1326
1233,1327
1233,1329
1233,1331
1233,1333
1233,1334
1233,1335
1233,1337
1233,1338
1233,1339
1233,1340
1233,1341
1233,1342
1233,1343
1233,1345
1233,1348
1233,1349
1233,1350
1233,1353
1233,1354
1233,1355
1233,1356
1233,1357
1233,1358
1233,1359
1233,1360
