171798691925,163208762792,ALIAS_OF
171798692019,163208759184,ALIAS_OF
171798692060,163208762938,ALIAS_OF
171798692061,163208762838,ALIAS_OF
171798692062,163208762769,ALIAS_OF
171798693680,163208761772,ALIAS_OF
171798693753,163208758813,ALIAS_OF
171798693754,163208757476,ALIAS_OF
171798693844,163208763017,ALIAS_OF
171798693917,163208762817,ALIAS_OF
171798694267,163208762933,ALIAS_OF
171798694370,163208762902,ALIAS_OF
171798694380,163208762871,ALIAS_OF
171798694672,163208758824,ALIAS_OF
171798694687,163208758824,ALIAS_OF
171798694815,163208762515,ALIAS_OF
171798695033,163208762685,ALIAS_OF
171798695325,163208762770,ALIAS_OF
171798695423,163208762869,ALIAS_OF
171798695570,163208762753,ALIAS_OF
171798696103,163208763054,ALIAS_OF
171798696169,163208762676,ALIAS_OF
171798696170,163208762677,ALIAS_OF
171798696171,163208760635,ALIAS_OF
171798696234,163208759318,ALIAS_OF
171798696241,163208762681,ALIAS_OF
171798696242,163208760559,ALIAS_OF
171798696243,163208763438,ALIAS_OF
171798696244,163208763437,ALIAS_OF
171798696245,163208762874,ALIAS_OF
171798696247,163208762949,ALIAS_OF
171798696253,163208759888,ALIAS_OF
171798696263,163208763045,ALIAS_OF
