124554051585,34359738374,CAPTURE
124554051586,34359738373,CAPTURE
124554051587,34359738372,CAPTURE
124554051588,34359738371,CAPTURE
124554051589,34359738370,CAPTURE
124554051590,34359738369,CAPTURE
124554051591,34359738368,CAPTURE
124554051631,34359738375,CAPTURE
124554051650,34359738376,CAPTURE
124554051689,34359738406,CAPTURE
124554051693,34359738404,CAPTURE
124554051693,34359738405,CAPTURE
124554051697,34359738403,CAPTURE
124554051698,34359738400,CAPTURE
124554051698,34359738401,CAPTURE
124554051698,34359738402,CAPTURE
124554051699,34359738398,CAPTURE
124554051699,34359738399,CAPTURE
124554051714,34359738395,CAPTURE
124554051715,34359738394,CAPTURE
124554051730,34359738393,CAPTURE
124554051735,34359738378,CAPTURE
124554051735,34359738379,CAPTURE
124554051735,34359738380,CAPTURE
124554051735,34359738381,CAPTURE
124554051735,34359738382,CAPTURE
124554051735,34359738383,CAPTURE
124554051735,34359738384,CAPTURE
124554051735,34359738385,CAPTURE
124554051735,34359738386,CAPTURE
124554051735,34359738387,CAPTURE
124554051735,34359738388,CAPTURE
124554051735,34359738389,CAPTURE
124554051735,34359738390,CAPTURE
124554051735,34359738391,CAPTURE
124554051735,34359738392,CAPTURE
124554051754,34359738422,CAPTURE
124554051754,34359738423,CAPTURE
124554051754,34359738424,CAPTURE
124554051754,34359738425,CAPTURE
124554051755,34359738420,CAPTURE
124554051755,34359738421,CAPTURE
124554051756,34359738417,CAPTURE
124554051756,34359738418,CAPTURE
124554051756,34359738419,CAPTURE
124554051761,34359738415,CAPTURE
124554051761,34359738416,CAPTURE
124554051905,34359738414,CAPTURE
124554051912,34359738412,CAPTURE
124554051912,34359738413,CAPTURE
124554051917,34359738410,CAPTURE
124554051917,34359738411,CAPTURE
124554051918,34359738407,CAPTURE
124554051918,34359738408,CAPTURE
124554051918,34359738409,CAPTURE
124554051978,34359738427,CAPTURE
124554051980,34359738426,CAPTURE
124554052027,34359738428,CAPTURE
124554052027,34359738429,CAPTURE
124554052027,34359738430,CAPTURE
124554052215,34359738432,CAPTURE
124554052216,34359738431,CAPTURE
124554052361,34359738434,CAPTURE
124554052364,34359738451,CAPTURE
124554052370,34359738443,CAPTURE
124554052370,34359738444,CAPTURE
124554052370,34359738445,CAPTURE
124554052370,34359738446,CAPTURE
124554052370,34359738447,CAPTURE
124554052370,34359738448,CAPTURE
124554052370,34359738449,CAPTURE
124554052370,34359738450,CAPTURE
124554052371,34359738435,CAPTURE
124554052371,34359738436,CAPTURE
124554052371,34359738437,CAPTURE
124554052371,34359738438,CAPTURE
124554052371,34359738439,CAPTURE
124554052371,34359738440,CAPTURE
124554052371,34359738441,CAPTURE
124554052371,34359738442,CAPTURE
124554052419,34359738433,CAPTURE
124554052434,34359738473,CAPTURE
124554052441,34359738545,CAPTURE
124554052441,34359738546,CAPTURE
124554052441,34359738547,CAPTURE
124554052441,34359738548,CAPTURE
124554052441,34359738549,CAPTURE
124554052441,34359738550,CAPTURE
124554052441,34359738551,CAPTURE
124554052441,34359738552,CAPTURE
124554052446,34359738529,CAPTURE
124554052446,34359738530,CAPTURE
124554052446,34359738531,CAPTURE
124554052446,34359738532,CAPTURE
124554052446,34359738533,CAPTURE
124554052446,34359738534,CAPTURE
124554052446,34359738535,CAPTURE
124554052446,34359738536,CAPTURE
124554052446,34359738537,CAPTURE
124554052446,34359738538,CAPTURE
124554052446,34359738539,CAPTURE
124554052446,34359738540,CAPTURE
124554052446,34359738541,CAPTURE
124554052446,34359738542,CAPTURE
124554052446,34359738543,CAPTURE
124554052446,34359738544,CAPTURE
124554052447,34359738516,CAPTURE
124554052447,34359738517,CAPTURE
124554052447,34359738518,CAPTURE
124554052447,34359738519,CAPTURE
124554052447,34359738520,CAPTURE
124554052447,34359738521,CAPTURE
124554052447,34359738522,CAPTURE
124554052447,34359738523,CAPTURE
124554052447,34359738524,CAPTURE
124554052447,34359738525,CAPTURE
124554052447,34359738526,CAPTURE
124554052447,34359738527,CAPTURE
124554052447,34359738528,CAPTURE
124554052449,34359738515,CAPTURE
124554052450,34359738513,CAPTURE
124554052450,34359738514,CAPTURE
124554052451,34359738510,CAPTURE
124554052451,34359738511,CAPTURE
124554052451,34359738512,CAPTURE
124554052452,34359738508,CAPTURE
124554052452,34359738509,CAPTURE
124554052460,34359738501,CAPTURE
124554052460,34359738502,CAPTURE
124554052460,34359738503,CAPTURE
124554052460,34359738504,CAPTURE
124554052460,34359738505,CAPTURE
124554052460,34359738506,CAPTURE
124554052460,34359738507,CAPTURE
124554052461,34359738499,CAPTURE
124554052461,34359738500,CAPTURE
124554052462,34359738498,CAPTURE
124554052463,34359738494,CAPTURE
124554052463,34359738495,CAPTURE
124554052463,34359738496,CAPTURE
124554052463,34359738497,CAPTURE
124554052465,34359738487,CAPTURE
124554052465,34359738488,CAPTURE
124554052465,34359738489,CAPTURE
124554052465,34359738490,CAPTURE
124554052465,34359738491,CAPTURE
124554052465,34359738492,CAPTURE
124554052465,34359738493,CAPTURE
124554052466,34359738486,CAPTURE
124554052467,34359738484,CAPTURE
124554052467,34359738485,CAPTURE
124554052468,34359738483,CAPTURE
124554052469,34359738482,CAPTURE
124554052470,34359738478,CAPTURE
124554052470,34359738479,CAPTURE
124554052470,34359738480,CAPTURE
124554052470,34359738481,CAPTURE
124554052472,34359738475,CAPTURE
124554052472,34359738476,CAPTURE
124554052472,34359738477,CAPTURE
124554052475,34359738474,CAPTURE
124554052480,34359738470,CAPTURE
124554052480,34359738471,CAPTURE
124554052480,34359738472,CAPTURE
124554052481,34359738455,CAPTURE
124554052481,34359738456,CAPTURE
124554052481,34359738457,CAPTURE
124554052481,34359738458,CAPTURE
124554052481,34359738459,CAPTURE
124554052481,34359738460,CAPTURE
124554052481,34359738461,CAPTURE
124554052481,34359738462,CAPTURE
124554052481,34359738463,CAPTURE
124554052481,34359738464,CAPTURE
124554052481,34359738465,CAPTURE
124554052481,34359738466,CAPTURE
124554052481,34359738467,CAPTURE
124554052481,34359738468,CAPTURE
124554052481,34359738469,CAPTURE
124554052486,34359738454,CAPTURE
124554052491,34359738453,CAPTURE
124554052492,34359738452,CAPTURE
124554052603,34359738555,CAPTURE
124554052604,34359738554,CAPTURE
124554052605,34359738553,CAPTURE
124554052650,34359738556,CAPTURE
124554052666,34359738557,CAPTURE
124554052666,34359738558,CAPTURE
124554052671,34359738595,CAPTURE
124554052671,34359738596,CAPTURE
124554052671,34359738597,CAPTURE
124554052671,34359738598,CAPTURE
124554052671,34359738599,CAPTURE
124554052673,34359738578,CAPTURE
124554052673,34359738579,CAPTURE
124554052673,34359738580,CAPTURE
124554052673,34359738581,CAPTURE
124554052673,34359738582,CAPTURE
124554052673,34359738583,CAPTURE
124554052673,34359738584,CAPTURE
124554052673,34359738585,CAPTURE
124554052673,34359738586,CAPTURE
124554052673,34359738587,CAPTURE
124554052673,34359738588,CAPTURE
124554052673,34359738589,CAPTURE
124554052673,34359738590,CAPTURE
124554052673,34359738591,CAPTURE
124554052673,34359738592,CAPTURE
124554052673,34359738593,CAPTURE
124554052673,34359738594,CAPTURE
124554052674,34359738576,CAPTURE
124554052674,34359738577,CAPTURE
124554052675,34359738559,CAPTURE
124554052675,34359738560,CAPTURE
124554052675,34359738561,CAPTURE
124554052675,34359738562,CAPTURE
124554052675,34359738563,CAPTURE
124554052675,34359738564,CAPTURE
124554052675,34359738565,CAPTURE
124554052675,34359738566,CAPTURE
124554052675,34359738567,CAPTURE
124554052675,34359738568,CAPTURE
124554052675,34359738569,CAPTURE
124554052675,34359738570,CAPTURE
124554052675,34359738571,CAPTURE
124554052675,34359738572,CAPTURE
124554052675,34359738573,CAPTURE
124554052675,34359738574,CAPTURE
124554052675,34359738575,CAPTURE
124554052689,34359738631,CAPTURE
124554052691,34359738629,CAPTURE
124554052691,34359738630,CAPTURE
124554052692,34359738624,CAPTURE
124554052693,34359738625,CAPTURE
124554052693,34359738626,CAPTURE
124554052693,34359738627,CAPTURE
124554052693,34359738628,CAPTURE
124554052694,34359738623,CAPTURE
124554052701,34359738622,CAPTURE
124554052703,34359738620,CAPTURE
124554052703,34359738621,CAPTURE
124554052704,34359738618,CAPTURE
124554052704,34359738619,CAPTURE
124554052706,34359738617,CAPTURE
124554052707,34359738615,CAPTURE
124554052707,34359738616,CAPTURE
124554052710,34359738607,CAPTURE
124554052710,34359738609,CAPTURE
124554052710,34359738611,CAPTURE
124554052710,34359738612,CAPTURE
124554052711,34359738606,CAPTURE
124554052711,34359738608,CAPTURE
124554052711,34359738610,CAPTURE
124554052711,34359738613,CAPTURE
124554052711,34359738614,CAPTURE
124554052712,34359738605,CAPTURE
124554052714,34359738604,CAPTURE
124554052716,34359738601,CAPTURE
124554052716,34359738602,CAPTURE
124554052716,34359738603,CAPTURE
124554052717,34359738600,CAPTURE
124554052893,34359738633,CAPTURE
124554052894,34359738632,CAPTURE
124554052905,34359738637,CAPTURE
124554052906,34359738636,CAPTURE
124554052907,34359738635,CAPTURE
124554052908,34359738634,CAPTURE
124554052913,34359738639,CAPTURE
124554052914,34359738638,CAPTURE
124554052920,34359738649,CAPTURE
124554052936,34359738652,CAPTURE
124554052937,34359738651,CAPTURE
124554052938,34359738650,CAPTURE
124554052950,34359738648,CAPTURE
124554052951,34359738647,CAPTURE
124554052952,34359738646,CAPTURE
124554052953,34359738645,CAPTURE
124554052954,34359738644,CAPTURE
124554052955,34359738643,CAPTURE
124554052956,34359738642,CAPTURE
124554052957,34359738641,CAPTURE
124554052958,34359738640,CAPTURE
124554052964,34359738661,CAPTURE
124554052967,34359738660,CAPTURE
124554052972,34359738659,CAPTURE
124554052973,34359738658,CAPTURE
124554052975,34359738657,CAPTURE
124554052977,34359738656,CAPTURE
124554052979,34359738655,CAPTURE
124554052982,34359738654,CAPTURE
124554052984,34359738653,CAPTURE
124554052990,34359738680,CAPTURE
124554052993,34359738673,CAPTURE
124554052993,34359738674,CAPTURE
124554052993,34359738675,CAPTURE
124554052993,34359738676,CAPTURE
124554052997,34359738665,CAPTURE
124554053007,34359738679,CAPTURE
124554053008,34359738678,CAPTURE
124554053010,34359738677,CAPTURE
124554053014,34359738672,CAPTURE
124554053016,34359738671,CAPTURE
124554053018,34359738670,CAPTURE
124554053020,34359738669,CAPTURE
124554053027,34359738666,CAPTURE
124554053027,34359738667,CAPTURE
124554053027,34359738668,CAPTURE
124554053029,34359738664,CAPTURE
124554053032,34359738663,CAPTURE
124554053033,34359738662,CAPTURE
124554053037,34359738730,CAPTURE
124554053038,34359738731,CAPTURE
124554053038,34359738732,CAPTURE
124554053039,34359738729,CAPTURE
124554053043,34359738724,CAPTURE
124554053044,34359738723,CAPTURE
124554053045,34359738722,CAPTURE
124554053046,34359738721,CAPTURE
124554053047,34359738720,CAPTURE
124554053048,34359738714,CAPTURE
124554053049,34359738712,CAPTURE
124554053049,34359738713,CAPTURE
124554053050,34359738699,CAPTURE
124554053050,34359738700,CAPTURE
124554053050,34359738701,CAPTURE
124554053052,34359738695,CAPTURE
124554053053,34359738690,CAPTURE
124554053055,34359738692,CAPTURE
124554053055,34359738693,CAPTURE
124554053055,34359738694,CAPTURE
124554053058,34359738687,CAPTURE
124554053058,34359738688,CAPTURE
124554053058,34359738689,CAPTURE
124554053062,34359738682,CAPTURE
124554053073,34359738728,CAPTURE
124554053075,34359738727,CAPTURE
124554053076,34359738726,CAPTURE
124554053077,34359738725,CAPTURE
124554053090,34359738719,CAPTURE
124554053091,34359738718,CAPTURE
124554053093,34359738717,CAPTURE
124554053094,34359738716,CAPTURE
124554053095,34359738715,CAPTURE
124554053097,34359738711,CAPTURE
124554053100,34359738710,CAPTURE
124554053104,34359738709,CAPTURE
124554053105,34359738708,CAPTURE
124554053106,34359738707,CAPTURE
124554053107,34359738706,CAPTURE
124554053108,34359738705,CAPTURE
124554053112,34359738704,CAPTURE
124554053113,34359738703,CAPTURE
124554053114,34359738702,CAPTURE
124554053124,34359738698,CAPTURE
124554053126,34359738697,CAPTURE
124554053128,34359738696,CAPTURE
124554053134,34359738691,CAPTURE
124554053136,34359738686,CAPTURE
124554053138,34359738685,CAPTURE
124554053140,34359738684,CAPTURE
124554053150,34359738683,CAPTURE
124554053169,34359738681,CAPTURE
124554053172,34359738763,CAPTURE
124554053172,34359738764,CAPTURE
124554053172,34359738765,CAPTURE
124554053172,34359738766,CAPTURE
124554053172,34359738767,CAPTURE
124554053173,34359738762,CAPTURE
124554053174,34359738757,CAPTURE
124554053174,34359738758,CAPTURE
124554053174,34359738759,CAPTURE
124554053174,34359738760,CAPTURE
124554053174,34359738761,CAPTURE
124554053175,34359738753,CAPTURE
124554053175,34359738754,CAPTURE
124554053175,34359738755,CAPTURE
124554053175,34359738756,CAPTURE
124554053176,34359738749,CAPTURE
124554053176,34359738750,CAPTURE
124554053176,34359738751,CAPTURE
124554053176,34359738752,CAPTURE
124554053179,34359738740,CAPTURE
124554053180,34359738739,CAPTURE
124554053186,34359738774,CAPTURE
124554053187,34359738773,CAPTURE
124554053192,34359738772,CAPTURE
124554053194,34359738771,CAPTURE
124554053197,34359738770,CAPTURE
124554053199,34359738769,CAPTURE
124554053200,34359738768,CAPTURE
124554053204,34359738748,CAPTURE
124554053205,34359738747,CAPTURE
124554053206,34359738746,CAPTURE
124554053220,34359738744,CAPTURE
124554053220,34359738745,CAPTURE
124554053221,34359738743,CAPTURE
124554053223,34359738742,CAPTURE
124554053226,34359738741,CAPTURE
124554053228,34359738737,CAPTURE
124554053228,34359738738,CAPTURE
124554053230,34359738736,CAPTURE
124554053234,34359738735,CAPTURE
124554053236,34359738734,CAPTURE
124554053238,34359738733,CAPTURE
124554053242,34359738775,CAPTURE
124554053242,34359738776,CAPTURE
124554053242,34359738777,CAPTURE
124554053253,34359738784,CAPTURE
124554053255,34359738783,CAPTURE
124554053257,34359738782,CAPTURE
124554053259,34359738781,CAPTURE
124554053263,34359738780,CAPTURE
124554053265,34359738779,CAPTURE
124554053267,34359738778,CAPTURE
124554053270,34359738795,CAPTURE
124554053272,34359738794,CAPTURE
124554053273,34359738793,CAPTURE
124554053274,34359738792,CAPTURE
124554053276,34359738791,CAPTURE
124554053277,34359738790,CAPTURE
124554053281,34359738789,CAPTURE
124554053284,34359738788,CAPTURE
124554053286,34359738787,CAPTURE
124554053288,34359738786,CAPTURE
124554053289,34359738785,CAPTURE
124554053317,34359738818,CAPTURE
124554053320,34359738817,CAPTURE
124554053321,34359738816,CAPTURE
124554053322,34359738815,CAPTURE
124554053323,34359738814,CAPTURE
124554053324,34359738813,CAPTURE
124554053325,34359738812,CAPTURE
124554053326,34359738811,CAPTURE
124554053328,34359738810,CAPTURE
124554053336,34359738809,CAPTURE
124554053341,34359738808,CAPTURE
124554053342,34359738807,CAPTURE
124554053343,34359738806,CAPTURE
124554053344,34359738805,CAPTURE
124554053345,34359738804,CAPTURE
124554053346,34359738803,CAPTURE
124554053347,34359738802,CAPTURE
124554053348,34359738801,CAPTURE
124554053350,34359738800,CAPTURE
124554053351,34359738799,CAPTURE
124554053352,34359738798,CAPTURE
124554053355,34359738797,CAPTURE
124554053356,34359738796,CAPTURE
124554053361,34359738837,CAPTURE
124554053361,34359738838,CAPTURE
124554053363,34359738826,CAPTURE
124554053363,34359738827,CAPTURE
124554053363,34359738829,CAPTURE
124554053367,34359738823,CAPTURE
124554053367,34359738824,CAPTURE
124554053367,34359738828,CAPTURE
124554053367,34359738830,CAPTURE
124554053367,34359738831,CAPTURE
124554053367,34359738832,CAPTURE
124554053367,34359738833,CAPTURE
124554053375,34359738836,CAPTURE
124554053377,34359738835,CAPTURE
124554053385,34359738821,CAPTURE
124554053385,34359738822,CAPTURE
124554053385,34359738825,CAPTURE
124554053385,34359738834,CAPTURE
124554053389,34359738819,CAPTURE
124554053389,34359738820,CAPTURE
124554053394,34359738842,CAPTURE
124554053417,34359738844,CAPTURE
124554053419,34359738843,CAPTURE
124554053431,34359738841,CAPTURE
124554053432,34359738840,CAPTURE
124554053433,34359738839,CAPTURE
124554053436,34359738849,CAPTURE
124554053447,34359738848,CAPTURE
124554053450,34359738847,CAPTURE
124554053451,34359738846,CAPTURE
124554053455,34359738845,CAPTURE
124554053458,34359738924,CAPTURE
124554053459,34359738923,CAPTURE
124554053460,34359738913,CAPTURE
124554053462,34359738908,CAPTURE
124554053462,34359738909,CAPTURE
124554053463,34359738903,CAPTURE
124554053465,34359738899,CAPTURE
124554053468,34359738894,CAPTURE
124554053468,34359738895,CAPTURE
124554053468,34359738896,CAPTURE
124554053470,34359738872,CAPTURE
124554053470,34359738873,CAPTURE
124554053470,34359738874,CAPTURE
124554053471,34359738869,CAPTURE
124554053471,34359738870,CAPTURE
124554053471,34359738871,CAPTURE
124554053472,34359738864,CAPTURE
124554053472,34359738865,CAPTURE
124554053472,34359738866,CAPTURE
124554053472,34359738867,CAPTURE
124554053472,34359738868,CAPTURE
124554053473,34359738859,CAPTURE
124554053474,34359738858,CAPTURE
124554053475,34359738856,CAPTURE
124554053478,34359738850,CAPTURE
124554053478,34359738851,CAPTURE
124554053478,34359738852,CAPTURE
124554053480,34359738931,CAPTURE
124554053482,34359738930,CAPTURE
124554053484,34359738929,CAPTURE
124554053486,34359738928,CAPTURE
124554053488,34359738927,CAPTURE
124554053490,34359738926,CAPTURE
124554053492,34359738925,CAPTURE
124554053494,34359738922,CAPTURE
124554053495,34359738921,CAPTURE
124554053496,34359738920,CAPTURE
124554053497,34359738919,CAPTURE
124554053498,34359738918,CAPTURE
124554053503,34359738917,CAPTURE
124554053507,34359738916,CAPTURE
124554053508,34359738915,CAPTURE
124554053509,34359738914,CAPTURE
124554053514,34359738912,CAPTURE
124554053516,34359738911,CAPTURE
124554053519,34359738910,CAPTURE
124554053525,34359738907,CAPTURE
124554053527,34359738906,CAPTURE
124554053528,34359738905,CAPTURE
124554053529,34359738904,CAPTURE
124554053538,34359738902,CAPTURE
124554053540,34359738901,CAPTURE
124554053542,34359738900,CAPTURE
124554053544,34359738898,CAPTURE
124554053547,34359738897,CAPTURE
124554053554,34359738893,CAPTURE
124554053555,34359738892,CAPTURE
124554053556,34359738891,CAPTURE
124554053557,34359738890,CAPTURE
124554053558,34359738889,CAPTURE
124554053559,34359738888,CAPTURE
124554053561,34359738886,CAPTURE
124554053561,34359738887,CAPTURE
124554053565,34359738885,CAPTURE
124554053566,34359738884,CAPTURE
124554053567,34359738883,CAPTURE
124554053568,34359738882,CAPTURE
124554053571,34359738881,CAPTURE
124554053574,34359738880,CAPTURE
124554053576,34359738879,CAPTURE
124554053578,34359738878,CAPTURE
124554053580,34359738877,CAPTURE
124554053582,34359738876,CAPTURE
124554053584,34359738875,CAPTURE
124554053589,34359738863,CAPTURE
124554053591,34359738862,CAPTURE
124554053593,34359738861,CAPTURE
124554053594,34359738860,CAPTURE
124554053597,34359738857,CAPTURE
124554053601,34359738855,CAPTURE
124554053603,34359738854,CAPTURE
124554053605,34359738853,CAPTURE
124554053615,34359738932,CAPTURE
124554053621,34359738944,CAPTURE
124554053623,34359738943,CAPTURE
124554053625,34359738942,CAPTURE
124554053626,34359738941,CAPTURE
124554053628,34359738940,CAPTURE
124554053630,34359738939,CAPTURE
124554053632,34359738938,CAPTURE
124554053634,34359738937,CAPTURE
124554053635,34359738936,CAPTURE
124554053637,34359738935,CAPTURE
124554053638,34359738934,CAPTURE
124554053639,34359738933,CAPTURE
124554053642,34359739011,CAPTURE
124554053642,34359739012,CAPTURE
124554053643,34359738998,CAPTURE
124554053643,34359739000,CAPTURE
124554053644,34359738999,CAPTURE
124554053644,34359739001,CAPTURE
124554053645,34359738996,CAPTURE
124554053645,34359738997,CAPTURE
124554053649,34359738994,CAPTURE
124554053649,34359738995,CAPTURE
124554053650,34359738993,CAPTURE
124554053651,34359738986,CAPTURE
124554053651,34359738987,CAPTURE
124554053651,34359738988,CAPTURE
124554053651,34359738989,CAPTURE
124554053651,34359738990,CAPTURE
124554053651,34359738991,CAPTURE
124554053651,34359738992,CAPTURE
124554053652,34359738985,CAPTURE
124554053653,34359738981,CAPTURE
124554053654,34359738971,CAPTURE
124554053655,34359738957,CAPTURE
124554053656,34359738956,CAPTURE
124554053659,34359738952,CAPTURE
124554053659,34359738953,CAPTURE
124554053661,34359738950,CAPTURE
124554053661,34359738951,CAPTURE
124554053664,34359738947,CAPTURE
124554053673,34359739010,CAPTURE
124554053677,34359739009,CAPTURE
124554053678,34359739008,CAPTURE
124554053681,34359739007,CAPTURE
124554053682,34359739006,CAPTURE
124554053688,34359739005,CAPTURE
124554053689,34359739004,CAPTURE
124554053690,34359739003,CAPTURE
124554053691,34359739002,CAPTURE
124554053704,34359738984,CAPTURE
124554053705,34359738983,CAPTURE
124554053706,34359738982,CAPTURE
124554053708,34359738980,CAPTURE
124554053710,34359738979,CAPTURE
124554053714,34359738978,CAPTURE
124554053717,34359738976,CAPTURE
124554053717,34359738977,CAPTURE
124554053722,34359738975,CAPTURE
124554053725,34359738974,CAPTURE
124554053727,34359738973,CAPTURE
124554053729,34359738972,CAPTURE
124554053733,34359738970,CAPTURE
124554053734,34359738969,CAPTURE
124554053735,34359738968,CAPTURE
124554053736,34359738967,CAPTURE
124554053737,34359738966,CAPTURE
124554053738,34359738965,CAPTURE
124554053739,34359738964,CAPTURE
124554053741,34359738963,CAPTURE
124554053742,34359738962,CAPTURE
124554053743,34359738961,CAPTURE
124554053744,34359738960,CAPTURE
124554053745,34359738959,CAPTURE
124554053746,34359738958,CAPTURE
124554053750,34359738955,CAPTURE
124554053751,34359738954,CAPTURE
124554053766,34359738949,CAPTURE
124554053769,34359738948,CAPTURE
124554053775,34359738946,CAPTURE
124554053776,34359738945,CAPTURE
124554053780,34359739014,CAPTURE
124554053780,34359739015,CAPTURE
124554053782,34359739024,CAPTURE
124554053784,34359739022,CAPTURE
124554053784,34359739023,CAPTURE
124554053785,34359739021,CAPTURE
124554053787,34359739020,CAPTURE
124554053788,34359739019,CAPTURE
124554053791,34359739018,CAPTURE
124554053794,34359739017,CAPTURE
124554053795,34359739016,CAPTURE
124554053799,34359739013,CAPTURE
124554053803,34359739028,CAPTURE
124554053803,34359739029,CAPTURE
124554053805,34359739033,CAPTURE
124554053806,34359739032,CAPTURE
124554053808,34359739031,CAPTURE
124554053810,34359739030,CAPTURE
124554053814,34359739027,CAPTURE
124554053815,34359739026,CAPTURE
124554053818,34359739025,CAPTURE
124554053821,34359739040,CAPTURE
124554053821,34359739041,CAPTURE
124554053821,34359739042,CAPTURE
124554053823,34359739038,CAPTURE
124554053823,34359739039,CAPTURE
124554053852,34359739037,CAPTURE
124554053854,34359739036,CAPTURE
124554053855,34359739035,CAPTURE
124554053861,34359739034,CAPTURE
124554053870,34359739043,CAPTURE
124554053875,34359739053,CAPTURE
124554053876,34359739052,CAPTURE
124554053877,34359739051,CAPTURE
124554053878,34359739045,CAPTURE
124554053879,34359739046,CAPTURE
124554053908,34359739050,CAPTURE
124554053909,34359739049,CAPTURE
124554053910,34359739048,CAPTURE
124554053911,34359739047,CAPTURE
124554053913,34359739044,CAPTURE
124554053921,34359739058,CAPTURE
124554053922,34359739057,CAPTURE
124554053924,34359739056,CAPTURE
124554053925,34359739055,CAPTURE
124554053926,34359739054,CAPTURE
124554053929,34359739125,CAPTURE
124554053929,34359739126,CAPTURE
124554053930,34359739059,CAPTURE
124554053930,34359739061,CAPTURE
124554053930,34359739063,CAPTURE
124554053930,34359739065,CAPTURE
124554053930,34359739067,CAPTURE
124554053930,34359739069,CAPTURE
124554053930,34359739071,CAPTURE
124554053934,34359739150,CAPTURE
124554053934,34359739151,CAPTURE
124554053934,34359739152,CAPTURE
124554053934,34359739153,CAPTURE
124554053934,34359739154,CAPTURE
124554053934,34359739155,CAPTURE
124554053934,34359739156,CAPTURE
124554053938,34359739149,CAPTURE
124554053940,34359739148,CAPTURE
124554053948,34359739147,CAPTURE
124554053949,34359739079,CAPTURE
124554053949,34359739080,CAPTURE
124554053949,34359739081,CAPTURE
124554053949,34359739082,CAPTURE
124554053949,34359739083,CAPTURE
124554053949,34359739084,CAPTURE
124554053949,34359739085,CAPTURE
124554053949,34359739086,CAPTURE
124554053949,34359739087,CAPTURE
124554053949,34359739088,CAPTURE
124554053949,34359739089,CAPTURE
124554053949,34359739090,CAPTURE
124554053949,34359739091,CAPTURE
124554053949,34359739092,CAPTURE
124554053949,34359739093,CAPTURE
124554053949,34359739094,CAPTURE
124554053949,34359739095,CAPTURE
124554053949,34359739096,CAPTURE
124554053949,34359739097,CAPTURE
124554053949,34359739098,CAPTURE
124554053949,34359739099,CAPTURE
124554053949,34359739100,CAPTURE
124554053949,34359739101,CAPTURE
124554053949,34359739102,CAPTURE
124554053949,34359739103,CAPTURE
124554053949,34359739104,CAPTURE
124554053949,34359739105,CAPTURE
124554053949,34359739106,CAPTURE
124554053949,34359739107,CAPTURE
124554053949,34359739108,CAPTURE
124554053949,34359739109,CAPTURE
124554053949,34359739110,CAPTURE
124554053949,34359739111,CAPTURE
124554053949,34359739112,CAPTURE
124554053949,34359739113,CAPTURE
124554053949,34359739114,CAPTURE
124554053949,34359739115,CAPTURE
124554053949,34359739116,CAPTURE
124554053949,34359739117,CAPTURE
124554053949,34359739118,CAPTURE
124554053949,34359739119,CAPTURE
124554053949,34359739120,CAPTURE
124554053949,34359739121,CAPTURE
124554053949,34359739122,CAPTURE
124554053949,34359739123,CAPTURE
124554053949,34359739124,CAPTURE
124554053949,34359739127,CAPTURE
124554053949,34359739128,CAPTURE
124554053949,34359739129,CAPTURE
124554053949,34359739130,CAPTURE
124554053949,34359739131,CAPTURE
124554053949,34359739132,CAPTURE
124554053949,34359739133,CAPTURE
124554053949,34359739134,CAPTURE
124554053949,34359739135,CAPTURE
124554053949,34359739136,CAPTURE
124554053949,34359739137,CAPTURE
124554053949,34359739138,CAPTURE
124554053949,34359739139,CAPTURE
124554053949,34359739140,CAPTURE
124554053949,34359739141,CAPTURE
124554053949,34359739142,CAPTURE
124554053949,34359739143,CAPTURE
124554053949,34359739144,CAPTURE
124554053949,34359739145,CAPTURE
124554053949,34359739146,CAPTURE
124554053950,34359739077,CAPTURE
124554053950,34359739078,CAPTURE
124554053951,34359739073,CAPTURE
124554053951,34359739074,CAPTURE
124554053951,34359739075,CAPTURE
124554053951,34359739076,CAPTURE
124554053952,34359739060,CAPTURE
124554053952,34359739062,CAPTURE
124554053952,34359739064,CAPTURE
124554053952,34359739066,CAPTURE
124554053952,34359739068,CAPTURE
124554053952,34359739070,CAPTURE
124554053952,34359739072,CAPTURE
124554053959,34359739160,CAPTURE
124554053961,34359739184,CAPTURE
124554053963,34359739180,CAPTURE
124554053963,34359739181,CAPTURE
124554053963,34359739182,CAPTURE
124554053964,34359739175,CAPTURE
124554053964,34359739176,CAPTURE
124554053964,34359739177,CAPTURE
124554053964,34359739178,CAPTURE
124554053964,34359739179,CAPTURE
124554053965,34359739169,CAPTURE
124554053965,34359739170,CAPTURE
124554053965,34359739171,CAPTURE
124554053965,34359739172,CAPTURE
124554053965,34359739173,CAPTURE
124554053966,34359739165,CAPTURE
124554053966,34359739166,CAPTURE
124554053966,34359739167,CAPTURE
124554053973,34359739187,CAPTURE
124554053977,34359739186,CAPTURE
124554053978,34359739185,CAPTURE
124554053982,34359739183,CAPTURE
124554053988,34359739174,CAPTURE
124554053990,34359739168,CAPTURE
124554053995,34359739164,CAPTURE
124554053997,34359739163,CAPTURE
124554054003,34359739162,CAPTURE
124554054004,34359739161,CAPTURE
124554054008,34359739188,CAPTURE
124554054008,34359739189,CAPTURE
124554054012,34359739232,CAPTURE
124554054012,34359739233,CAPTURE
124554054012,34359739234,CAPTURE
124554054012,34359739235,CAPTURE
124554054012,34359739236,CAPTURE
124554054012,34359739237,CAPTURE
124554054013,34359739223,CAPTURE
124554054013,34359739224,CAPTURE
124554054013,34359739225,CAPTURE
124554054013,34359739226,CAPTURE
124554054013,34359739227,CAPTURE
124554054013,34359739228,CAPTURE
124554054013,34359739229,CAPTURE
124554054013,34359739230,CAPTURE
124554054013,34359739231,CAPTURE
124554054014,34359739221,CAPTURE
124554054014,34359739222,CAPTURE
124554054015,34359739214,CAPTURE
124554054015,34359739215,CAPTURE
124554054015,34359739216,CAPTURE
124554054015,34359739217,CAPTURE
124554054015,34359739218,CAPTURE
124554054015,34359739219,CAPTURE
124554054015,34359739220,CAPTURE
124554054021,34359739208,CAPTURE
124554054021,34359739209,CAPTURE
124554054021,34359739210,CAPTURE
124554054021,34359739211,CAPTURE
124554054021,34359739212,CAPTURE
124554054021,34359739213,CAPTURE
124554054022,34359739199,CAPTURE
124554054022,34359739200,CAPTURE
124554054022,34359739201,CAPTURE
124554054022,34359739202,CAPTURE
124554054022,34359739203,CAPTURE
124554054022,34359739204,CAPTURE
124554054022,34359739205,CAPTURE
124554054022,34359739206,CAPTURE
124554054022,34359739207,CAPTURE
124554054023,34359739197,CAPTURE
124554054023,34359739198,CAPTURE
124554054026,34359739190,CAPTURE
124554054026,34359739191,CAPTURE
124554054026,34359739192,CAPTURE
124554054026,34359739193,CAPTURE
124554054026,34359739194,CAPTURE
124554054026,34359739195,CAPTURE
124554054026,34359739196,CAPTURE
124554054035,34359739243,CAPTURE
124554054037,34359739241,CAPTURE
124554054037,34359739242,CAPTURE
124554054038,34359739238,CAPTURE
124554054038,34359739239,CAPTURE
124554054038,34359739240,CAPTURE
124554054090,34359739246,CAPTURE
124554054090,34359739247,CAPTURE
124554054091,34359739245,CAPTURE
124554054092,34359739244,CAPTURE
124554054095,34359739252,CAPTURE
124554054096,34359739248,CAPTURE
124554054096,34359739249,CAPTURE
124554054096,34359739250,CAPTURE
124554054096,34359739251,CAPTURE
124554054110,34359739254,CAPTURE
124554054111,34359739253,CAPTURE
124554054142,34359739264,CAPTURE
124554054142,34359739265,CAPTURE
124554054143,34359739263,CAPTURE
124554054144,34359739262,CAPTURE
124554054145,34359739261,CAPTURE
124554054146,34359739260,CAPTURE
124554054147,34359739259,CAPTURE
124554054148,34359739258,CAPTURE
124554054160,34359739285,CAPTURE
124554054160,34359739286,CAPTURE
124554054160,34359739287,CAPTURE
124554054160,34359739288,CAPTURE
124554054160,34359739289,CAPTURE
124554054161,34359739278,CAPTURE
124554054161,34359739279,CAPTURE
124554054161,34359739280,CAPTURE
124554054161,34359739281,CAPTURE
124554054161,34359739282,CAPTURE
124554054161,34359739283,CAPTURE
124554054161,34359739284,CAPTURE
124554054162,34359739273,CAPTURE
124554054162,34359739274,CAPTURE
124554054162,34359739275,CAPTURE
124554054162,34359739276,CAPTURE
124554054162,34359739277,CAPTURE
124554054163,34359739266,CAPTURE
124554054163,34359739267,CAPTURE
124554054163,34359739268,CAPTURE
124554054163,34359739269,CAPTURE
124554054163,34359739270,CAPTURE
124554054163,34359739271,CAPTURE
124554054163,34359739272,CAPTURE
124554054166,34359739290,CAPTURE
124554054210,34359739294,CAPTURE
124554054211,34359739293,CAPTURE
124554054230,34359739292,CAPTURE
124554054231,34359739291,CAPTURE
124554054257,34359739295,CAPTURE
124554054335,34359739296,CAPTURE
124554054335,34359739297,CAPTURE
124554054335,34359739298,CAPTURE
124554054345,34359739300,CAPTURE
124554054346,34359739299,CAPTURE
124554054367,34359739301,CAPTURE
124554054410,34359739317,CAPTURE
124554054410,34359739318,CAPTURE
124554054411,34359739314,CAPTURE
124554054411,34359739315,CAPTURE
124554054411,34359739316,CAPTURE
124554054412,34359739312,CAPTURE
124554054412,34359739313,CAPTURE
124554054413,34359739309,CAPTURE
124554054413,34359739310,CAPTURE
124554054413,34359739311,CAPTURE
124554054475,34359739307,CAPTURE
124554054475,34359739308,CAPTURE
124554054480,34359739306,CAPTURE
124554054483,34359739305,CAPTURE
124554054485,34359739304,CAPTURE
124554054486,34359739302,CAPTURE
124554054486,34359739303,CAPTURE
124554054550,34359739321,CAPTURE
124554054551,34359739319,CAPTURE
124554054551,34359739320,CAPTURE
124554054565,34359739322,CAPTURE
124554054565,34359739323,CAPTURE
124554054565,34359739324,CAPTURE
124554054565,34359739325,CAPTURE
124554054565,34359739326,CAPTURE
124554054565,34359739327,CAPTURE
124554054565,34359739328,CAPTURE
124554054608,34359739332,CAPTURE
124554054608,34359739333,CAPTURE
124554054609,34359739330,CAPTURE
124554054609,34359739331,CAPTURE
124554054610,34359739329,CAPTURE
124554054615,34359739355,CAPTURE
124554054615,34359739356,CAPTURE
124554054616,34359739353,CAPTURE
124554054616,34359739354,CAPTURE
124554054618,34359739351,CAPTURE
124554054618,34359739352,CAPTURE
124554054621,34359739350,CAPTURE
124554054624,34359739349,CAPTURE
124554054628,34359739347,CAPTURE
124554054628,34359739348,CAPTURE
124554054630,34359739346,CAPTURE
124554054631,34359739344,CAPTURE
124554054631,34359739345,CAPTURE
124554054632,34359739343,CAPTURE
124554054633,34359739338,CAPTURE
124554054633,34359739339,CAPTURE
124554054633,34359739340,CAPTURE
124554054633,34359739341,CAPTURE
124554054633,34359739342,CAPTURE
124554054637,34359739337,CAPTURE
124554054638,34359739336,CAPTURE
124554054639,34359739335,CAPTURE
124554054641,34359739334,CAPTURE
124554054817,34359739365,CAPTURE
124554054818,34359739364,CAPTURE
124554054819,34359739363,CAPTURE
124554054820,34359739362,CAPTURE
124554054821,34359739361,CAPTURE
124554054822,34359739358,CAPTURE
124554054824,34359739359,CAPTURE
124554054824,34359739360,CAPTURE
124554054825,34359739357,CAPTURE
124554054894,34359739366,CAPTURE
124554054894,34359739367,CAPTURE
124554054904,34359739381,CAPTURE
124554054905,34359739380,CAPTURE
124554054906,34359739379,CAPTURE
124554054907,34359739378,CAPTURE
124554054910,34359739377,CAPTURE
124554054911,34359739376,CAPTURE
124554054913,34359739375,CAPTURE
124554054914,34359739374,CAPTURE
124554054915,34359739373,CAPTURE
124554054917,34359739372,CAPTURE
124554054918,34359739371,CAPTURE
124554054919,34359739370,CAPTURE
124554054920,34359739369,CAPTURE
124554054922,34359739368,CAPTURE
124554054927,34359739383,CAPTURE
124554054928,34359739382,CAPTURE
124554055046,34359739408,CAPTURE
124554055047,34359739406,CAPTURE
124554055047,34359739407,CAPTURE
124554055048,34359739404,CAPTURE
124554055048,34359739405,CAPTURE
124554055049,34359739403,CAPTURE
124554055051,34359739402,CAPTURE
124554055052,34359739401,CAPTURE
124554055054,34359739398,CAPTURE
124554055059,34359739397,CAPTURE
124554055060,34359739396,CAPTURE
124554055061,34359739395,CAPTURE
124554055062,34359739394,CAPTURE
124554055063,34359739389,CAPTURE
124554055064,34359739386,CAPTURE
124554055064,34359739387,CAPTURE
124554055064,34359739388,CAPTURE
124554055065,34359739384,CAPTURE
124554055065,34359739385,CAPTURE
124554055128,34359739399,CAPTURE
124554055128,34359739400,CAPTURE
124554055165,34359739393,CAPTURE
124554055191,34359739392,CAPTURE
124554055192,34359739391,CAPTURE
124554055209,34359739390,CAPTURE
124554055244,34359739415,CAPTURE
124554055257,34359739412,CAPTURE
124554055286,34359739409,CAPTURE
124554055286,34359739410,CAPTURE
124554055314,34359739414,CAPTURE
124554055316,34359739413,CAPTURE
124554055336,34359739411,CAPTURE
124554055356,34359739416,CAPTURE
124554055369,34359739569,CAPTURE
124554055373,34359739566,CAPTURE
124554055373,34359739567,CAPTURE
124554055373,34359739568,CAPTURE
124554055377,34359739564,CAPTURE
124554055377,34359739565,CAPTURE
124554055378,34359739563,CAPTURE
124554055379,34359739560,CAPTURE
124554055379,34359739561,CAPTURE
124554055379,34359739562,CAPTURE
124554055380,34359739559,CAPTURE
124554055385,34359739557,CAPTURE
124554055385,34359739558,CAPTURE
124554055386,34359739556,CAPTURE
124554055388,34359739554,CAPTURE
124554055388,34359739555,CAPTURE
124554055389,34359739550,CAPTURE
124554055389,34359739551,CAPTURE
124554055389,34359739552,CAPTURE
124554055389,34359739553,CAPTURE
124554055390,34359739548,CAPTURE
124554055393,34359739549,CAPTURE
124554055399,34359739547,CAPTURE
124554055400,34359739545,CAPTURE
124554055400,34359739546,CAPTURE
124554055401,34359739539,CAPTURE
124554055401,34359739540,CAPTURE
124554055401,34359739541,CAPTURE
124554055401,34359739542,CAPTURE
124554055401,34359739543,CAPTURE
124554055401,34359739544,CAPTURE
124554055402,34359739534,CAPTURE
124554055402,34359739535,CAPTURE
124554055402,34359739536,CAPTURE
124554055402,34359739537,CAPTURE
124554055402,34359739538,CAPTURE
124554055404,34359739530,CAPTURE
124554055404,34359739531,CAPTURE
124554055404,34359739532,CAPTURE
124554055404,34359739533,CAPTURE
124554055405,34359739524,CAPTURE
124554055405,34359739525,CAPTURE
124554055405,34359739526,CAPTURE
124554055405,34359739527,CAPTURE
124554055405,34359739528,CAPTURE
124554055405,34359739529,CAPTURE
124554055406,34359739520,CAPTURE
124554055406,34359739521,CAPTURE
124554055406,34359739522,CAPTURE
124554055406,34359739523,CAPTURE
124554055407,34359739516,CAPTURE
124554055407,34359739517,CAPTURE
124554055407,34359739518,CAPTURE
124554055407,34359739519,CAPTURE
124554055408,34359739512,CAPTURE
124554055408,34359739513,CAPTURE
124554055408,34359739514,CAPTURE
124554055408,34359739515,CAPTURE
124554055410,34359739508,CAPTURE
124554055410,34359739509,CAPTURE
124554055410,34359739510,CAPTURE
124554055411,34359739498,CAPTURE
124554055411,34359739499,CAPTURE
124554055411,34359739500,CAPTURE
124554055411,34359739501,CAPTURE
124554055411,34359739502,CAPTURE
124554055411,34359739503,CAPTURE
124554055411,34359739504,CAPTURE
124554055411,34359739505,CAPTURE
124554055411,34359739506,CAPTURE
124554055411,34359739507,CAPTURE
124554055412,34359739488,CAPTURE
124554055412,34359739489,CAPTURE
124554055412,34359739490,CAPTURE
124554055412,34359739491,CAPTURE
124554055412,34359739492,CAPTURE
124554055412,34359739493,CAPTURE
124554055412,34359739494,CAPTURE
124554055412,34359739495,CAPTURE
124554055412,34359739496,CAPTURE
124554055412,34359739497,CAPTURE
124554055414,34359739487,CAPTURE
124554055417,34359739486,CAPTURE
124554055418,34359739485,CAPTURE
124554055420,34359739484,CAPTURE
124554055421,34359739483,CAPTURE
124554055422,34359739479,CAPTURE
124554055422,34359739480,CAPTURE
124554055422,34359739481,CAPTURE
124554055422,34359739482,CAPTURE
124554055431,34359739475,CAPTURE
124554055431,34359739476,CAPTURE
124554055431,34359739477,CAPTURE
124554055431,34359739478,CAPTURE
124554055432,34359739471,CAPTURE
124554055433,34359739474,CAPTURE
124554055435,34359739473,CAPTURE
124554055436,34359739472,CAPTURE
124554055437,34359739470,CAPTURE
124554055438,34359739469,CAPTURE
124554055440,34359739468,CAPTURE
124554055443,34359739467,CAPTURE
124554055446,34359739461,CAPTURE
124554055454,34359739464,CAPTURE
124554055454,34359739465,CAPTURE
124554055454,34359739466,CAPTURE
124554055455,34359739460,CAPTURE
124554055455,34359739462,CAPTURE
124554055455,34359739463,CAPTURE
124554055456,34359739457,CAPTURE
124554055456,34359739458,CAPTURE
124554055456,34359739459,CAPTURE
124554055457,34359739456,CAPTURE
124554055458,34359739454,CAPTURE
124554055458,34359739455,CAPTURE
124554055459,34359739452,CAPTURE
124554055459,34359739453,CAPTURE
124554055460,34359739450,CAPTURE
124554055460,34359739451,CAPTURE
124554055461,34359739449,CAPTURE
124554055462,34359739445,CAPTURE
124554055462,34359739446,CAPTURE
124554055462,34359739447,CAPTURE
124554055462,34359739448,CAPTURE
124554055463,34359739442,CAPTURE
124554055463,34359739443,CAPTURE
124554055463,34359739444,CAPTURE
124554055466,34359739440,CAPTURE
124554055467,34359739441,CAPTURE
124554055469,34359739439,CAPTURE
124554055470,34359739438,CAPTURE
124554055471,34359739437,CAPTURE
124554055473,34359739436,CAPTURE
124554055476,34359739430,CAPTURE
124554055476,34359739431,CAPTURE
124554055476,34359739432,CAPTURE
124554055476,34359739433,CAPTURE
124554055476,34359739434,CAPTURE
124554055476,34359739435,CAPTURE
124554055477,34359739422,CAPTURE
124554055477,34359739423,CAPTURE
124554055477,34359739424,CAPTURE
124554055477,34359739425,CAPTURE
124554055477,34359739426,CAPTURE
124554055477,34359739427,CAPTURE
124554055477,34359739428,CAPTURE
124554055477,34359739429,CAPTURE
124554055478,34359739421,CAPTURE
124554055479,34359739420,CAPTURE
124554055524,34359739417,CAPTURE
124554055524,34359739418,CAPTURE
124554055524,34359739419,CAPTURE
124554055702,34359739580,CAPTURE
124554055703,34359739579,CAPTURE
124554055705,34359739578,CAPTURE
124554055706,34359739577,CAPTURE
124554055708,34359739574,CAPTURE
124554055708,34359739575,CAPTURE
124554055708,34359739576,CAPTURE
124554055710,34359739573,CAPTURE
124554055715,34359739570,CAPTURE
124554055715,34359739571,CAPTURE
124554055715,34359739572,CAPTURE
124554055738,34359739583,CAPTURE
124554055738,34359739584,CAPTURE
124554055738,34359739585,CAPTURE
124554055739,34359739582,CAPTURE
124554055740,34359739581,CAPTURE
124554055764,34359739586,CAPTURE
124554055764,34359739587,CAPTURE
124554055764,34359739588,CAPTURE
124554055782,34359739589,CAPTURE
124554055783,34359739590,CAPTURE
124554055816,34359739595,CAPTURE
124554055816,34359739596,CAPTURE
124554055818,34359739594,CAPTURE
124554055820,34359739591,CAPTURE
124554055820,34359739592,CAPTURE
124554055820,34359739593,CAPTURE
124554055837,34359739605,CAPTURE
124554055839,34359739604,CAPTURE
124554055841,34359739603,CAPTURE
124554055843,34359739602,CAPTURE
124554055844,34359739601,CAPTURE
124554055847,34359739599,CAPTURE
124554055847,34359739600,CAPTURE
124554055850,34359739598,CAPTURE
124554055852,34359739597,CAPTURE
180388626442,34359738377,CAPTURE
180388626450,34359738396,CAPTURE
180388626450,34359738397,CAPTURE
180388626495,34359739157,CAPTURE
180388626495,34359739158,CAPTURE
180388626495,34359739159,CAPTURE
180388626505,34359739257,CAPTURE
180388626506,34359739255,CAPTURE
180388626506,34359739256,CAPTURE
180388626561,34359739511,CAPTURE
