73014444032,51539607552,IMPORTS
73014444033,51539607553,IMPORTS
73014444034,51539607554,IMPORTS
73014444035,51539607555,IMPORTS
73014444036,51539607556,IMPORTS
73014444037,51539607557,IMPORTS
73014444038,51539607558,IMPORTS
73014444039,51539607559,IMPORTS
73014444040,51539607560,IMPORTS
73014444041,51539607561,IMPORTS
73014444042,51539607562,IMPORTS
73014444043,51539607563,IMPORTS
73014444044,51539607564,IMPORTS
73014444045,51539607565,IMPORTS
73014444046,51539607566,IMPORTS
73014444047,51539607567,IMPORTS
73014444048,51539607568,IMPORTS
73014444049,51539607569,IMPORTS
73014444050,51539607570,IMPORTS
73014444051,51539607571,IMPORTS
73014444052,51539607572,IMPORTS
73014444053,51539607573,IMPORTS
73014444054,51539607574,IMPORTS
73014444055,51539607575,IMPORTS
73014444056,51539607576,IMPORTS
73014444057,51539607577,IMPORTS
73014444058,51539607578,IMPORTS
73014444059,51539607579,IMPORTS
73014444060,51539607580,IMPORTS
73014444061,51539607581,IMPORTS
73014444062,51539607582,IMPORTS
73014444063,51539607583,IMPORTS
73014444064,51539607584,IMPORTS
73014444065,51539607585,IMPORTS
73014444066,51539607586,IMPORTS
73014444067,51539607587,IMPORTS
73014444068,51539607588,IMPORTS
73014444069,51539607589,IMPORTS
73014444070,51539607590,IMPORTS
73014444071,51539607591,IMPORTS
73014444072,51539607592,IMPORTS
73014444073,51539607593,IMPORTS
73014444074,51539607594,IMPORTS
73014444075,51539607595,IMPORTS
73014444076,51539607596,IMPORTS
73014444077,51539607597,IMPORTS
73014444078,51539607598,IMPORTS
73014444079,51539607599,IMPORTS
73014444080,51539607600,IMPORTS
73014444081,51539607601,IMPORTS
73014444082,51539607602,IMPORTS
73014444083,51539607603,IMPORTS
73014444084,51539607604,IMPORTS
73014444085,51539607605,IMPORTS
73014444086,51539607606,IMPORTS
73014444087,51539607607,IMPORTS
73014444088,51539607608,IMPORTS
73014444089,51539607609,IMPORTS
73014444090,51539607610,IMPORTS
73014444091,51539607611,IMPORTS
73014444092,51539607612,IMPORTS
73014444093,51539607613,IMPORTS
73014444094,51539607614,IMPORTS
73014444095,51539607615,IMPORTS
73014444096,51539607616,IMPORTS
73014444097,51539607617,IMPORTS
73014444098,51539607618,IMPORTS
73014444099,51539607619,IMPORTS
73014444100,51539607620,IMPORTS
73014444101,51539607621,IMPORTS
73014444102,51539607622,IMPORTS
73014444103,51539607623,IMPORTS
73014444104,51539607624,IMPORTS
73014444105,51539607625,IMPORTS
73014444106,51539607626,IMPORTS
73014444107,51539607627,IMPORTS
73014444108,51539607628,IMPORTS
73014444109,51539607629,IMPORTS
73014444110,51539607630,IMPORTS
73014444111,51539607631,IMPORTS
73014444112,51539607632,IMPORTS
73014444113,51539607633,IMPORTS
73014444114,51539607634,IMPORTS
73014444115,51539607635,IMPORTS
73014444116,51539607636,IMPORTS
73014444117,51539607637,IMPORTS
73014444118,51539607638,IMPORTS
73014444119,51539607639,IMPORTS
73014444120,51539607640,IMPORTS
73014444121,51539607641,IMPORTS
73014444122,51539607642,IMPORTS
73014444123,51539607643,IMPORTS
73014444124,51539607644,IMPORTS
73014444125,51539607645,IMPORTS
73014444126,51539607646,IMPORTS
73014444127,51539607647,IMPORTS
73014444128,51539607648,IMPORTS
73014444129,51539607649,IMPORTS
73014444130,51539607650,IMPORTS
73014444131,51539607651,IMPORTS
73014444132,51539607652,IMPORTS
73014444133,51539607653,IMPORTS
73014444134,51539607654,IMPORTS
73014444135,51539607655,IMPORTS
73014444136,51539607656,IMPORTS
73014444137,51539607657,IMPORTS
73014444138,51539607658,IMPORTS
73014444139,51539607659,IMPORTS
73014444140,51539607660,IMPORTS
73014444141,51539607661,IMPORTS
73014444142,51539607662,IMPORTS
73014444143,51539607663,IMPORTS
73014444144,51539607664,IMPORTS
73014444145,51539607665,IMPORTS
73014444146,51539607666,IMPORTS
73014444147,51539607667,IMPORTS
73014444148,51539607668,IMPORTS
73014444149,51539607669,IMPORTS
73014444150,51539607670,IMPORTS
73014444151,51539607671,IMPORTS
73014444152,51539607672,IMPORTS
73014444153,51539607673,IMPORTS
73014444154,51539607674,IMPORTS
73014444155,51539607675,IMPORTS
73014444156,51539607676,IMPORTS
73014444157,51539607677,IMPORTS
73014444158,51539607678,IMPORTS
73014444159,51539607679,IMPORTS
73014444160,51539607680,IMPORTS
73014444161,51539607681,IMPORTS
73014444162,51539607682,IMPORTS
73014444163,51539607683,IMPORTS
73014444164,51539607684,IMPORTS
73014444165,51539607685,IMPORTS
73014444166,51539607686,IMPORTS
73014444167,51539607687,IMPORTS
73014444168,51539607688,IMPORTS
73014444169,51539607689,IMPORTS
73014444170,51539607690,IMPORTS
73014444171,51539607691,IMPORTS
73014444172,51539607692,IMPORTS
73014444173,51539607693,IMPORTS
73014444174,51539607694,IMPORTS
73014444175,51539607695,IMPORTS
73014444176,51539607696,IMPORTS
73014444177,51539607697,IMPORTS
73014444178,51539607698,IMPORTS
73014444179,51539607699,IMPORTS
73014444180,51539607700,IMPORTS
73014444181,51539607701,IMPORTS
73014444182,51539607702,IMPORTS
73014444183,51539607703,IMPORTS
73014444184,51539607704,IMPORTS
73014444185,51539607705,IMPORTS
73014444186,51539607706,IMPORTS
73014444187,51539607707,IMPORTS
73014444188,51539607708,IMPORTS
73014444189,51539607709,IMPORTS
73014444190,51539607710,IMPORTS
73014444191,51539607711,IMPORTS
73014444192,51539607712,IMPORTS
73014444193,51539607713,IMPORTS
73014444194,51539607714,IMPORTS
73014444195,51539607715,IMPORTS
73014444196,51539607716,IMPORTS
73014444197,51539607717,IMPORTS
73014444198,51539607718,IMPORTS
73014444199,51539607719,IMPORTS
73014444200,51539607720,IMPORTS
73014444201,51539607721,IMPORTS
73014444202,51539607722,IMPORTS
73014444203,51539607723,IMPORTS
73014444204,51539607724,IMPORTS
73014444205,51539607725,IMPORTS
73014444206,51539607726,IMPORTS
73014444207,51539607727,IMPORTS
73014444208,51539607728,IMPORTS
73014444209,51539607729,IMPORTS
73014444210,51539607730,IMPORTS
73014444211,51539607731,IMPORTS
73014444212,51539607732,IMPORTS
73014444213,51539607733,IMPORTS
73014444214,51539607734,IMPORTS
73014444215,51539607735,IMPORTS
73014444216,51539607736,IMPORTS
73014444217,51539607737,IMPORTS
73014444218,51539607738,IMPORTS
73014444219,51539607739,IMPORTS
73014444220,51539607740,IMPORTS
73014444221,51539607741,IMPORTS
73014444222,51539607742,IMPORTS
73014444223,51539607743,IMPORTS
73014444224,51539607744,IMPORTS
73014444225,51539607745,IMPORTS
73014444226,51539607746,IMPORTS
73014444227,51539607747,IMPORTS
73014444228,51539607748,IMPORTS
73014444229,51539607749,IMPORTS
73014444230,51539607750,IMPORTS
73014444231,51539607751,IMPORTS
73014444232,51539607752,IMPORTS
73014444233,51539607753,IMPORTS
73014444234,51539607754,IMPORTS
73014444235,51539607755,IMPORTS
73014444236,51539607756,IMPORTS
73014444237,51539607757,IMPORTS
73014444238,51539607758,IMPORTS
73014444239,51539607759,IMPORTS
73014444240,51539607760,IMPORTS
73014444241,51539607761,IMPORTS
73014444242,51539607762,IMPORTS
73014444243,51539607763,IMPORTS
73014444244,51539607764,IMPORTS
73014444245,51539607765,IMPORTS
73014444246,51539607766,IMPORTS
73014444247,51539607767,IMPORTS
73014444248,51539607768,IMPORTS
73014444249,51539607769,IMPORTS
73014444250,51539607770,IMPORTS
73014444251,51539607771,IMPORTS
73014444252,51539607772,IMPORTS
73014444253,51539607773,IMPORTS
73014444254,51539607774,IMPORTS
73014444255,51539607775,IMPORTS
73014444256,51539607776,IMPORTS
73014444257,51539607777,IMPORTS
73014444258,51539607778,IMPORTS
73014444259,51539607779,IMPORTS
73014444260,51539607780,IMPORTS
73014444261,51539607781,IMPORTS
73014444262,51539607782,IMPORTS
73014444263,51539607783,IMPORTS
73014444264,51539607784,IMPORTS
73014444265,51539607785,IMPORTS
73014444266,51539607786,IMPORTS
73014444267,51539607787,IMPORTS
73014444268,51539607788,IMPORTS
73014444269,51539607789,IMPORTS
73014444270,51539607790,IMPORTS
73014444271,51539607791,IMPORTS
73014444272,51539607792,IMPORTS
73014444273,51539607793,IMPORTS
73014444274,51539607794,IMPORTS
73014444275,51539607795,IMPORTS
73014444276,51539607796,IMPORTS
73014444277,51539607797,IMPORTS
73014444278,51539607798,IMPORTS
73014444279,51539607799,IMPORTS
73014444280,51539607800,IMPORTS
73014444281,51539607801,IMPORTS
73014444282,51539607802,IMPORTS
73014444283,51539607803,IMPORTS
73014444284,51539607804,IMPORTS
73014444285,51539607805,IMPORTS
73014444286,51539607806,IMPORTS
73014444287,51539607807,IMPORTS
73014444288,51539607808,IMPORTS
73014444289,51539607809,IMPORTS
73014444290,51539607810,IMPORTS
73014444291,51539607811,IMPORTS
73014444292,51539607812,IMPORTS
73014444293,51539607813,IMPORTS
73014444294,51539607814,IMPORTS
73014444295,51539607815,IMPORTS
73014444296,51539607816,IMPORTS
73014444297,51539607817,IMPORTS
73014444298,51539607818,IMPORTS
73014444299,51539607819,IMPORTS
73014444300,51539607820,IMPORTS
73014444301,51539607821,IMPORTS
73014444302,51539607822,IMPORTS
73014444303,51539607823,IMPORTS
73014444304,51539607824,IMPORTS
73014444305,51539607825,IMPORTS
73014444306,51539607826,IMPORTS
73014444307,51539607827,IMPORTS
73014444308,51539607828,IMPORTS
73014444309,51539607829,IMPORTS
73014444310,51539607830,IMPORTS
73014444311,51539607831,IMPORTS
73014444312,51539607832,IMPORTS
73014444313,51539607833,IMPORTS
73014444314,51539607834,IMPORTS
73014444315,51539607835,IMPORTS
73014444316,51539607836,IMPORTS
73014444317,51539607837,IMPORTS
73014444318,51539607838,IMPORTS
73014444319,51539607839,IMPORTS
73014444320,51539607840,IMPORTS
73014444321,51539607841,IMPORTS
73014444322,51539607842,IMPORTS
73014444323,51539607843,IMPORTS
73014444324,51539607844,IMPORTS
73014444325,51539607845,IMPORTS
73014444326,51539607846,IMPORTS
73014444327,51539607847,IMPORTS
73014444328,51539607848,IMPORTS
73014444329,51539607849,IMPORTS
73014444330,51539607850,IMPORTS
73014444331,51539607851,IMPORTS
73014444332,51539607852,IMPORTS
73014444333,51539607853,IMPORTS
73014444334,51539607854,IMPORTS
73014444335,51539607855,IMPORTS
73014444336,51539607856,IMPORTS
73014444337,51539607857,IMPORTS
73014444338,51539607858,IMPORTS
73014444339,51539607859,IMPORTS
73014444340,51539607860,IMPORTS
73014444341,51539607861,IMPORTS
73014444342,51539607862,IMPORTS
73014444343,51539607863,IMPORTS
73014444344,51539607864,IMPORTS
73014444345,51539607865,IMPORTS
73014444346,51539607866,IMPORTS
73014444347,51539607867,IMPORTS
73014444348,51539607868,IMPORTS
73014444349,51539607869,IMPORTS
73014444350,51539607870,IMPORTS
73014444351,51539607871,IMPORTS
73014444352,51539607872,IMPORTS
73014444353,51539607873,IMPORTS
73014444354,51539607874,IMPORTS
73014444355,51539607875,IMPORTS
73014444356,51539607876,IMPORTS
73014444357,51539607877,IMPORTS
73014444358,51539607878,IMPORTS
73014444359,51539607879,IMPORTS
73014444360,51539607880,IMPORTS
73014444361,51539607881,IMPORTS
73014444362,51539607882,IMPORTS
73014444363,51539607883,IMPORTS
73014444364,51539607884,IMPORTS
73014444365,51539607885,IMPORTS
73014444366,51539607886,IMPORTS
73014444367,51539607887,IMPORTS
73014444368,51539607888,IMPORTS
73014444369,51539607889,IMPORTS
73014444370,51539607890,IMPORTS
73014444371,51539607891,IMPORTS
73014444372,51539607892,IMPORTS
73014444373,51539607893,IMPORTS
73014444374,51539607894,IMPORTS
73014444375,51539607895,IMPORTS
73014444376,51539607896,IMPORTS
73014444377,51539607897,IMPORTS
73014444378,51539607898,IMPORTS
73014444379,51539607899,IMPORTS
73014444380,51539607900,IMPORTS
73014444381,51539607901,IMPORTS
73014444382,51539607902,IMPORTS
73014444383,51539607903,IMPORTS
73014444384,51539607904,IMPORTS
73014444385,51539607905,IMPORTS
73014444386,51539607906,IMPORTS
73014444387,51539607907,IMPORTS
73014444388,51539607908,IMPORTS
73014444389,51539607909,IMPORTS
73014444390,51539607910,IMPORTS
73014444391,51539607911,IMPORTS
73014444392,51539607912,IMPORTS
73014444393,51539607913,IMPORTS
73014444394,51539607914,IMPORTS
73014444395,51539607915,IMPORTS
73014444396,51539607916,IMPORTS
73014444397,51539607917,IMPORTS
73014444398,51539607918,IMPORTS
73014444399,51539607919,IMPORTS
73014444400,51539607920,IMPORTS
73014444401,51539607921,IMPORTS
73014444402,51539607922,IMPORTS
73014444403,51539607923,IMPORTS
73014444404,51539607924,IMPORTS
73014444405,51539607925,IMPORTS
73014444406,51539607926,IMPORTS
73014444407,51539607927,IMPORTS
73014444408,51539607928,IMPORTS
73014444409,51539607929,IMPORTS
73014444410,51539607930,IMPORTS
73014444411,51539607931,IMPORTS
73014444412,51539607932,IMPORTS
73014444413,51539607933,IMPORTS
73014444414,51539607934,IMPORTS
73014444415,51539607935,IMPORTS
73014444416,51539607936,IMPORTS
73014444417,51539607937,IMPORTS
73014444418,51539607938,IMPORTS
73014444419,51539607939,IMPORTS
73014444420,51539607940,IMPORTS
73014444421,51539607941,IMPORTS
73014444422,51539607942,IMPORTS
73014444423,51539607943,IMPORTS
73014444424,51539607944,IMPORTS
73014444425,51539607945,IMPORTS
73014444426,51539607946,IMPORTS
73014444427,51539607947,IMPORTS
73014444428,51539607948,IMPORTS
73014444429,51539607949,IMPORTS
73014444430,51539607950,IMPORTS
73014444431,51539607951,IMPORTS
73014444432,51539607952,IMPORTS
73014444433,51539607953,IMPORTS
73014444434,51539607954,IMPORTS
73014444435,51539607955,IMPORTS
73014444436,51539607956,IMPORTS
73014444437,51539607957,IMPORTS
73014444438,51539607958,IMPORTS
73014444439,51539607959,IMPORTS
73014444440,51539607960,IMPORTS
73014444441,51539607961,IMPORTS
73014444442,51539607962,IMPORTS
73014444443,51539607963,IMPORTS
73014444444,51539607964,IMPORTS
73014444445,51539607965,IMPORTS
73014444446,51539607966,IMPORTS
73014444447,51539607967,IMPORTS
73014444448,51539607968,IMPORTS
73014444449,51539607969,IMPORTS
73014444450,51539607970,IMPORTS
73014444451,51539607971,IMPORTS
73014444452,51539607972,IMPORTS
73014444453,51539607973,IMPORTS
73014444454,51539607974,IMPORTS
73014444455,51539607975,IMPORTS
73014444456,51539607976,IMPORTS
73014444457,51539607977,IMPORTS
73014444458,51539607978,IMPORTS
73014444459,51539607979,IMPORTS
73014444460,51539607980,IMPORTS
73014444461,51539607981,IMPORTS
73014444462,51539607982,IMPORTS
73014444463,51539607983,IMPORTS
73014444464,51539607984,IMPORTS
73014444465,51539607985,IMPORTS
73014444466,51539607986,IMPORTS
73014444467,51539607987,IMPORTS
73014444468,51539607988,IMPORTS
73014444469,51539607989,IMPORTS
73014444470,51539607990,IMPORTS
73014444471,51539607991,IMPORTS
73014444472,51539607992,IMPORTS
73014444473,51539607993,IMPORTS
73014444474,51539607994,IMPORTS
73014444475,51539607995,IMPORTS
73014444476,51539607996,IMPORTS
73014444477,51539607997,IMPORTS
73014444478,51539607998,IMPORTS
73014444479,51539607999,IMPORTS
73014444480,51539608000,IMPORTS
73014444481,51539608001,IMPORTS
73014444482,51539608002,IMPORTS
73014444483,51539608003,IMPORTS
73014444484,51539608004,IMPORTS
73014444485,51539608005,IMPORTS
73014444486,51539608006,IMPORTS
73014444487,51539608007,IMPORTS
73014444488,51539608008,IMPORTS
73014444489,51539608009,IMPORTS
73014444490,51539608010,IMPORTS
73014444491,51539608011,IMPORTS
73014444492,51539608012,IMPORTS
73014444493,51539608013,IMPORTS
73014444494,51539608014,IMPORTS
73014444495,51539608015,IMPORTS
73014444496,51539608016,IMPORTS
73014444497,51539608017,IMPORTS
73014444498,51539608018,IMPORTS
73014444499,51539608019,IMPORTS
73014444500,51539608020,IMPORTS
73014444501,51539608021,IMPORTS
73014444502,51539608022,IMPORTS
73014444503,51539608023,IMPORTS
73014444504,51539608024,IMPORTS
73014444505,51539608025,IMPORTS
73014444506,51539608026,IMPORTS
73014444507,51539608027,IMPORTS
73014444508,51539608028,IMPORTS
73014444509,51539608029,IMPORTS
73014444510,51539608030,IMPORTS
73014444511,51539608031,IMPORTS
73014444512,51539608032,IMPORTS
73014444513,51539608033,IMPORTS
73014444514,51539608034,IMPORTS
73014444515,51539608035,IMPORTS
73014444516,51539608036,IMPORTS
73014444517,51539608037,IMPORTS
73014444518,51539608038,IMPORTS
73014444519,51539608039,IMPORTS
73014444520,51539608040,IMPORTS
73014444521,51539608041,IMPORTS
73014444522,51539608042,IMPORTS
73014444523,51539608043,IMPORTS
73014444524,51539608044,IMPORTS
73014444525,51539608045,IMPORTS
73014444526,51539608046,IMPORTS
73014444527,51539608047,IMPORTS
73014444528,51539608048,IMPORTS
73014444529,51539608049,IMPORTS
73014444530,51539608050,IMPORTS
73014444531,51539608051,IMPORTS
73014444532,51539608052,IMPORTS
73014444533,51539608053,IMPORTS
73014444534,51539608054,IMPORTS
73014444535,51539608055,IMPORTS
73014444536,51539608056,IMPORTS
73014444537,51539608057,IMPORTS
73014444538,51539608058,IMPORTS
73014444539,51539608059,IMPORTS
73014444540,51539608060,IMPORTS
73014444541,51539608061,IMPORTS
73014444542,51539608062,IMPORTS
73014444543,51539608063,IMPORTS
73014444544,51539608064,IMPORTS
73014444545,51539608065,IMPORTS
73014444546,51539608066,IMPORTS
73014444547,51539608067,IMPORTS
73014444548,51539608068,IMPORTS
73014444549,51539608069,IMPORTS
73014444550,51539608070,IMPORTS
73014444551,51539608071,IMPORTS
73014444552,51539608072,IMPORTS
73014444553,51539608073,IMPORTS
73014444554,51539608074,IMPORTS
73014444555,51539608075,IMPORTS
73014444556,51539608076,IMPORTS
73014444557,51539608077,IMPORTS
73014444558,51539608078,IMPORTS
73014444559,51539608079,IMPORTS
73014444560,51539608080,IMPORTS
73014444561,51539608081,IMPORTS
73014444562,51539608082,IMPORTS
73014444563,51539608083,IMPORTS
73014444564,51539608084,IMPORTS
73014444565,51539608085,IMPORTS
73014444566,51539608086,IMPORTS
73014444567,51539608087,IMPORTS
73014444568,51539608088,IMPORTS
73014444569,51539608089,IMPORTS
73014444570,51539608090,IMPORTS
73014444571,51539608091,IMPORTS
73014444572,51539608092,IMPORTS
73014444573,51539608093,IMPORTS
73014444574,51539608094,IMPORTS
73014444575,51539608095,IMPORTS
73014444576,51539608096,IMPORTS
73014444577,51539608097,IMPORTS
73014444578,51539608098,IMPORTS
73014444579,51539608099,IMPORTS
73014444580,51539608100,IMPORTS
73014444581,51539608101,IMPORTS
73014444582,51539608102,IMPORTS
73014444583,51539608103,IMPORTS
73014444584,51539608104,IMPORTS
73014444585,51539608105,IMPORTS
73014444586,51539608106,IMPORTS
73014444587,51539608107,IMPORTS
73014444588,51539608108,IMPORTS
73014444589,51539608109,IMPORTS
73014444590,51539608110,IMPORTS
73014444591,51539608111,IMPORTS
73014444592,51539608112,IMPORTS
73014444593,51539608113,IMPORTS
73014444594,51539608114,IMPORTS
73014444595,51539608115,IMPORTS
73014444596,51539608116,IMPORTS
73014444597,51539608117,IMPORTS
73014444598,51539608118,IMPORTS
73014444599,51539608119,IMPORTS
73014444600,51539608120,IMPORTS
73014444601,51539608121,IMPORTS
73014444602,51539608122,IMPORTS
73014444603,51539608123,IMPORTS
73014444604,51539608124,IMPORTS
73014444605,51539608125,IMPORTS
73014444606,51539608126,IMPORTS
73014444607,51539608127,IMPORTS
73014444608,51539608128,IMPORTS
73014444609,51539608129,IMPORTS
73014444610,51539608130,IMPORTS
73014444611,51539608131,IMPORTS
73014444612,51539608132,IMPORTS
73014444613,51539608133,IMPORTS
73014444614,51539608134,IMPORTS
73014444615,51539608135,IMPORTS
73014444616,51539608136,IMPORTS
73014444617,51539608137,IMPORTS
73014444618,51539608138,IMPORTS
73014444619,51539608139,IMPORTS
73014444620,51539608140,IMPORTS
73014444621,51539608141,IMPORTS
73014444622,51539608142,IMPORTS
73014444623,51539608143,IMPORTS
73014444624,51539608144,IMPORTS
73014444625,51539608145,IMPORTS
73014444626,51539608146,IMPORTS
73014444627,51539608147,IMPORTS
73014444628,51539608148,IMPORTS
73014444629,51539608149,IMPORTS
73014444630,51539608150,IMPORTS
73014444631,51539608151,IMPORTS
73014444632,51539608152,IMPORTS
73014444633,51539608153,IMPORTS
73014444634,51539608154,IMPORTS
73014444635,51539608155,IMPORTS
73014444636,51539608156,IMPORTS
73014444637,51539608157,IMPORTS
73014444638,51539608158,IMPORTS
73014444639,51539608159,IMPORTS
73014444640,51539608160,IMPORTS
73014444641,51539608161,IMPORTS
73014444642,51539608162,IMPORTS
73014444643,51539608163,IMPORTS
73014444644,51539608164,IMPORTS
73014444645,51539608165,IMPORTS
73014444646,51539608166,IMPORTS
73014444647,51539608167,IMPORTS
73014444648,51539608168,IMPORTS
73014444649,51539608169,IMPORTS
73014444650,51539608170,IMPORTS
73014444651,51539608171,IMPORTS
73014444652,51539608172,IMPORTS
73014444653,51539608173,IMPORTS
73014444654,51539608174,IMPORTS
73014444655,51539608175,IMPORTS
73014444656,51539608176,IMPORTS
73014444657,51539608177,IMPORTS
73014444658,51539608178,IMPORTS
73014444659,51539608179,IMPORTS
73014444660,51539608180,IMPORTS
73014444661,51539608181,IMPORTS
73014444662,51539608182,IMPORTS
73014444663,51539608183,IMPORTS
73014444664,51539608184,IMPORTS
73014444665,51539608185,IMPORTS
73014444666,51539608186,IMPORTS
73014444667,51539608187,IMPORTS
73014444668,51539608188,IMPORTS
73014444669,51539608189,IMPORTS
73014444670,51539608190,IMPORTS
73014444671,51539608191,IMPORTS
73014444672,51539608192,IMPORTS
73014444673,51539608193,IMPORTS
73014444674,51539608194,IMPORTS
73014444675,51539608195,IMPORTS
73014444676,51539608196,IMPORTS
73014444677,51539608197,IMPORTS
73014444678,51539608198,IMPORTS
73014444679,51539608199,IMPORTS
73014444680,51539608200,IMPORTS
73014444681,51539608201,IMPORTS
73014444682,51539608202,IMPORTS
73014444683,51539608203,IMPORTS
73014444684,51539608204,IMPORTS
73014444685,51539608205,IMPORTS
73014444686,51539608206,IMPORTS
73014444687,51539608207,IMPORTS
73014444688,51539608208,IMPORTS
73014444689,51539608209,IMPORTS
73014444690,51539608210,IMPORTS
73014444691,51539608211,IMPORTS
73014444692,51539608212,IMPORTS
73014444693,51539608213,IMPORTS
73014444694,51539608214,IMPORTS
73014444695,51539608215,IMPORTS
73014444696,51539608216,IMPORTS
73014444697,51539608217,IMPORTS
73014444698,51539608218,IMPORTS
73014444699,51539608219,IMPORTS
73014444700,51539608220,IMPORTS
73014444701,51539608221,IMPORTS
73014444702,51539608222,IMPORTS
73014444703,51539608223,IMPORTS
73014444704,51539608224,IMPORTS
73014444705,51539608225,IMPORTS
73014444706,51539608226,IMPORTS
73014444707,51539608227,IMPORTS
73014444708,51539608228,IMPORTS
73014444709,51539608229,IMPORTS
73014444710,51539608230,IMPORTS
73014444711,51539608231,IMPORTS
73014444712,51539608232,IMPORTS
73014444713,51539608233,IMPORTS
73014444714,51539608234,IMPORTS
73014444715,51539608235,IMPORTS
73014444716,51539608236,IMPORTS
73014444717,51539608237,IMPORTS
73014444718,51539608238,IMPORTS
73014444719,51539608239,IMPORTS
73014444720,51539608240,IMPORTS
73014444721,51539608241,IMPORTS
73014444722,51539608242,IMPORTS
73014444723,51539608243,IMPORTS
73014444724,51539608244,IMPORTS
73014444725,51539608245,IMPORTS
73014444726,51539608246,IMPORTS
73014444727,51539608247,IMPORTS
73014444728,51539608248,IMPORTS
73014444729,51539608249,IMPORTS
73014444730,51539608250,IMPORTS
73014444731,51539608251,IMPORTS
73014444732,51539608252,IMPORTS
73014444733,51539608253,IMPORTS
73014444734,51539608254,IMPORTS
73014444735,51539608255,IMPORTS
73014444736,51539608256,IMPORTS
73014444737,51539608257,IMPORTS
73014444738,51539608258,IMPORTS
73014444739,51539608259,IMPORTS
73014444740,51539608260,IMPORTS
73014444741,51539608261,IMPORTS
73014444742,51539608262,IMPORTS
73014444743,51539608263,IMPORTS
73014444744,51539608264,IMPORTS
73014444745,51539608265,IMPORTS
73014444746,51539608266,IMPORTS
73014444747,51539608267,IMPORTS
73014444748,51539608268,IMPORTS
73014444749,51539608269,IMPORTS
73014444750,51539608270,IMPORTS
73014444751,51539608271,IMPORTS
73014444752,51539608272,IMPORTS
73014444753,51539608273,IMPORTS
73014444754,51539608274,IMPORTS
73014444755,51539608275,IMPORTS
73014444756,51539608276,IMPORTS
73014444757,51539608277,IMPORTS
73014444758,51539608278,IMPORTS
73014444759,51539608279,IMPORTS
73014444760,51539608280,IMPORTS
73014444761,51539608281,IMPORTS
73014444762,51539608282,IMPORTS
73014444763,51539608283,IMPORTS
73014444764,51539608284,IMPORTS
73014444765,51539608285,IMPORTS
73014444766,51539608286,IMPORTS
73014444767,51539608287,IMPORTS
73014444768,51539608288,IMPORTS
73014444769,51539608289,IMPORTS
73014444770,51539608290,IMPORTS
73014444771,51539608291,IMPORTS
73014444772,51539608292,IMPORTS
73014444773,51539608293,IMPORTS
73014444774,51539608294,IMPORTS
73014444775,51539608295,IMPORTS
73014444776,51539608296,IMPORTS
73014444777,51539608297,IMPORTS
73014444778,51539608298,IMPORTS
73014444779,51539608299,IMPORTS
73014444780,51539608300,IMPORTS
73014444781,51539608301,IMPORTS
73014444782,51539608302,IMPORTS
73014444783,51539608303,IMPORTS
73014444784,51539608304,IMPORTS
73014444785,51539608305,IMPORTS
73014444786,51539608306,IMPORTS
73014444787,51539608307,IMPORTS
73014444788,51539608308,IMPORTS
73014444789,51539608309,IMPORTS
73014444790,51539608310,IMPORTS
73014444791,51539608311,IMPORTS
73014444792,51539608312,IMPORTS
73014444793,51539608313,IMPORTS
73014444794,51539608314,IMPORTS
73014444795,51539608315,IMPORTS
73014444796,51539608316,IMPORTS
73014444797,51539608317,IMPORTS
73014444798,51539608318,IMPORTS
73014444799,51539608319,IMPORTS
73014444800,51539608320,IMPORTS
73014444801,51539608321,IMPORTS
73014444802,51539608322,IMPORTS
73014444803,51539608323,IMPORTS
73014444804,51539608324,IMPORTS
73014444805,51539608325,IMPORTS
73014444806,51539608326,IMPORTS
73014444807,51539608327,IMPORTS
73014444808,51539608328,IMPORTS
73014444809,51539608329,IMPORTS
73014444810,51539608330,IMPORTS
73014444811,51539608331,IMPORTS
73014444812,51539608332,IMPORTS
73014444813,51539608333,IMPORTS
73014444814,51539608334,IMPORTS
73014444815,51539608335,IMPORTS
73014444816,51539608336,IMPORTS
73014444817,51539608337,IMPORTS
73014444818,51539608338,IMPORTS
73014444819,51539608339,IMPORTS
73014444820,51539608340,IMPORTS
73014444821,51539608341,IMPORTS
73014444822,51539608342,IMPORTS
73014444823,51539608343,IMPORTS
73014444824,51539608344,IMPORTS
73014444825,51539608345,IMPORTS
73014444826,51539608346,IMPORTS
73014444827,51539608347,IMPORTS
73014444828,51539608348,IMPORTS
73014444829,51539608349,IMPORTS
73014444830,51539608350,IMPORTS
73014444831,51539608351,IMPORTS
73014444832,51539608352,IMPORTS
73014444833,51539608353,IMPORTS
73014444834,51539608354,IMPORTS
73014444835,51539608355,IMPORTS
73014444836,51539608356,IMPORTS
73014444837,51539608357,IMPORTS
73014444838,51539608358,IMPORTS
73014444839,51539608359,IMPORTS
73014444840,51539608360,IMPORTS
73014444841,51539608361,IMPORTS
73014444842,51539608362,IMPORTS
73014444843,51539608363,IMPORTS
73014444844,51539608364,IMPORTS
73014444845,51539608365,IMPORTS
73014444846,51539608366,IMPORTS
73014444847,51539608367,IMPORTS
73014444848,51539608368,IMPORTS
73014444849,51539608369,IMPORTS
73014444850,51539608370,IMPORTS
73014444851,51539608371,IMPORTS
73014444852,51539608372,IMPORTS
73014444853,51539608373,IMPORTS
73014444854,51539608374,IMPORTS
73014444855,51539608375,IMPORTS
73014444856,51539608376,IMPORTS
73014444857,51539608377,IMPORTS
73014444858,51539608378,IMPORTS
73014444859,51539608379,IMPORTS
73014444860,51539608380,IMPORTS
73014444861,51539608381,IMPORTS
73014444862,51539608382,IMPORTS
73014444863,51539608383,IMPORTS
73014444864,51539608384,IMPORTS
73014444865,51539608385,IMPORTS
73014444866,51539608386,IMPORTS
73014444867,51539608387,IMPORTS
73014444868,51539608388,IMPORTS
73014444869,51539608389,IMPORTS
73014444870,51539608390,IMPORTS
73014444871,51539608391,IMPORTS
73014444872,51539608392,IMPORTS
73014444873,51539608393,IMPORTS
73014444874,51539608394,IMPORTS
73014444875,51539608395,IMPORTS
73014444876,51539608396,IMPORTS
73014444877,51539608397,IMPORTS
73014444878,51539608398,IMPORTS
73014444879,51539608399,IMPORTS
73014444880,51539608400,IMPORTS
73014444881,51539608401,IMPORTS
73014444882,51539608402,IMPORTS
73014444883,51539608403,IMPORTS
73014444884,51539608404,IMPORTS
73014444885,51539608405,IMPORTS
73014444886,51539608406,IMPORTS
73014444887,51539608407,IMPORTS
73014444888,51539608408,IMPORTS
73014444889,51539608409,IMPORTS
73014444890,51539608410,IMPORTS
73014444891,51539608411,IMPORTS
73014444892,51539608412,IMPORTS
73014444893,51539608413,IMPORTS
73014444894,51539608414,IMPORTS
73014444895,51539608415,IMPORTS
73014444896,51539608416,IMPORTS
73014444897,51539608417,IMPORTS
73014444898,51539608418,IMPORTS
73014444899,51539608419,IMPORTS
73014444900,51539608420,IMPORTS
73014444901,51539608421,IMPORTS
73014444902,51539608422,IMPORTS
73014444903,51539608423,IMPORTS
73014444904,51539608424,IMPORTS
73014444905,51539608425,IMPORTS
73014444906,51539608426,IMPORTS
73014444907,51539608427,IMPORTS
73014444908,51539608428,IMPORTS
73014444909,51539608429,IMPORTS
73014444910,51539608430,IMPORTS
73014444911,51539608431,IMPORTS
73014444912,51539608432,IMPORTS
73014444913,51539608433,IMPORTS
73014444914,51539608434,IMPORTS
73014444915,51539608435,IMPORTS
73014444916,51539608436,IMPORTS
73014444917,51539608437,IMPORTS
73014444918,51539608438,IMPORTS
73014444919,51539608439,IMPORTS
73014444920,51539608440,IMPORTS
73014444921,51539608441,IMPORTS
73014444922,51539608442,IMPORTS
73014444923,51539608443,IMPORTS
73014444924,51539608444,IMPORTS
73014444925,51539608445,IMPORTS
73014444926,51539608446,IMPORTS
73014444927,51539608447,IMPORTS
73014444928,51539608448,IMPORTS
73014444929,51539608449,IMPORTS
73014444930,51539608450,IMPORTS
73014444931,51539608451,IMPORTS
73014444932,51539608452,IMPORTS
73014444933,51539608453,IMPORTS
73014444934,51539608454,IMPORTS
73014444935,51539608455,IMPORTS
73014444936,51539608456,IMPORTS
73014444937,51539608457,IMPORTS
73014444938,51539608458,IMPORTS
73014444939,51539608459,IMPORTS
73014444940,51539608460,IMPORTS
73014444941,51539608461,IMPORTS
73014444942,51539608462,IMPORTS
73014444943,51539608463,IMPORTS
73014444944,51539608464,IMPORTS
73014444945,51539608465,IMPORTS
73014444946,51539608466,IMPORTS
73014444947,51539608467,IMPORTS
73014444948,51539608468,IMPORTS
73014444949,51539608469,IMPORTS
73014444950,51539608470,IMPORTS
73014444951,51539608471,IMPORTS
73014444952,51539608472,IMPORTS
73014444953,51539608473,IMPORTS
73014444954,51539608474,IMPORTS
73014444955,51539608475,IMPORTS
73014444956,51539608476,IMPORTS
73014444957,51539608477,IMPORTS
73014444958,51539608478,IMPORTS
73014444959,51539608479,IMPORTS
73014444960,51539608480,IMPORTS
73014444961,51539608481,IMPORTS
73014444962,51539608482,IMPORTS
73014444963,51539608483,IMPORTS
73014444964,51539608484,IMPORTS
73014444965,51539608485,IMPORTS
73014444966,51539608486,IMPORTS
73014444967,51539608487,IMPORTS
73014444968,51539608488,IMPORTS
73014444969,51539608489,IMPORTS
73014444970,51539608490,IMPORTS
73014444971,51539608491,IMPORTS
73014444972,51539608492,IMPORTS
73014444973,51539608493,IMPORTS
73014444974,51539608494,IMPORTS
73014444975,51539608495,IMPORTS
73014444976,51539608496,IMPORTS
73014444977,51539608497,IMPORTS
73014444978,51539608498,IMPORTS
73014444979,51539608499,IMPORTS
73014444980,51539608500,IMPORTS
73014444981,51539608501,IMPORTS
73014444982,51539608502,IMPORTS
73014444983,51539608503,IMPORTS
73014444984,51539608504,IMPORTS
73014444985,51539608505,IMPORTS
73014444986,51539608506,IMPORTS
73014444987,51539608507,IMPORTS
73014444988,51539608508,IMPORTS
73014444989,51539608509,IMPORTS
73014444990,51539608510,IMPORTS
73014444991,51539608511,IMPORTS
73014444992,51539608512,IMPORTS
73014444993,51539608513,IMPORTS
73014444994,51539608514,IMPORTS
73014444995,51539608515,IMPORTS
73014444996,51539608516,IMPORTS
73014444997,51539608517,IMPORTS
73014444998,51539608518,IMPORTS
73014444999,51539608519,IMPORTS
73014445000,51539608520,IMPORTS
73014445001,51539608521,IMPORTS
73014445002,51539608522,IMPORTS
73014445003,51539608523,IMPORTS
73014445004,51539608524,IMPORTS
73014445005,51539608525,IMPORTS
73014445006,51539608526,IMPORTS
73014445007,51539608527,IMPORTS
73014445008,51539608528,IMPORTS
73014445009,51539608529,IMPORTS
73014445010,51539608530,IMPORTS
73014445011,51539608531,IMPORTS
73014445012,51539608532,IMPORTS
73014445013,51539608533,IMPORTS
73014445014,51539608534,IMPORTS
73014445015,51539608535,IMPORTS
73014445016,51539608536,IMPORTS
73014445017,51539608537,IMPORTS
73014445018,51539608538,IMPORTS
73014445019,51539608539,IMPORTS
73014445020,51539608540,IMPORTS
73014445021,51539608541,IMPORTS
73014445022,51539608542,IMPORTS
73014445023,51539608543,IMPORTS
73014445024,51539608544,IMPORTS
73014445025,51539608545,IMPORTS
73014445026,51539608546,IMPORTS
73014445027,51539608547,IMPORTS
73014445028,51539608548,IMPORTS
73014445029,51539608549,IMPORTS
73014445030,51539608550,IMPORTS
73014445031,51539608551,IMPORTS
73014445032,51539608552,IMPORTS
73014445033,51539608553,IMPORTS
73014445034,51539608554,IMPORTS
73014445035,51539608555,IMPORTS
73014445036,51539608556,IMPORTS
73014445037,51539608557,IMPORTS
73014445038,51539608558,IMPORTS
73014445039,51539608559,IMPORTS
73014445040,51539608560,IMPORTS
73014445041,51539608561,IMPORTS
73014445042,51539608562,IMPORTS
73014445043,51539608563,IMPORTS
73014445044,51539608564,IMPORTS
73014445045,51539608565,IMPORTS
73014445046,51539608566,IMPORTS
73014445047,51539608567,IMPORTS
73014445048,51539608568,IMPORTS
73014445049,51539608569,IMPORTS
73014445050,51539608570,IMPORTS
73014445051,51539608571,IMPORTS
73014445052,51539608572,IMPORTS
73014445053,51539608573,IMPORTS
73014445054,51539608574,IMPORTS
73014445055,51539608575,IMPORTS
73014445056,51539608576,IMPORTS
73014445057,51539608577,IMPORTS
73014445058,51539608578,IMPORTS
73014445059,51539608579,IMPORTS
73014445060,51539608580,IMPORTS
73014445061,51539608581,IMPORTS
73014445062,51539608582,IMPORTS
73014445063,51539608583,IMPORTS
73014445064,51539608584,IMPORTS
73014445065,51539608585,IMPORTS
73014445066,51539608586,IMPORTS
73014445067,51539608587,IMPORTS
73014445068,51539608588,IMPORTS
73014445069,51539608589,IMPORTS
73014445070,51539608590,IMPORTS
73014445071,51539608591,IMPORTS
73014445072,51539608592,IMPORTS
73014445073,51539608593,IMPORTS
73014445074,51539608594,IMPORTS
73014445075,51539608595,IMPORTS
73014445076,51539608596,IMPORTS
73014445077,51539608597,IMPORTS
73014445078,51539608598,IMPORTS
73014445079,51539608599,IMPORTS
73014445080,51539608600,IMPORTS
73014445081,51539608601,IMPORTS
73014445082,51539608602,IMPORTS
73014445083,51539608603,IMPORTS
73014445084,51539608604,IMPORTS
73014445085,51539608605,IMPORTS
73014445086,51539608606,IMPORTS
73014445087,51539608607,IMPORTS
73014445088,51539608608,IMPORTS
73014445089,51539608609,IMPORTS
73014445090,51539608610,IMPORTS
73014445091,51539608611,IMPORTS
73014445092,51539608612,IMPORTS
73014445093,51539608613,IMPORTS
73014445094,51539608614,IMPORTS
73014445095,51539608615,IMPORTS
73014445096,51539608616,IMPORTS
73014445097,51539608617,IMPORTS
73014445098,51539608618,IMPORTS
73014445099,51539608619,IMPORTS
73014445100,51539608620,IMPORTS
73014445101,51539608621,IMPORTS
73014445102,51539608622,IMPORTS
73014445103,51539608623,IMPORTS
73014445104,51539608624,IMPORTS
73014445105,51539608625,IMPORTS
73014445106,51539608626,IMPORTS
73014445107,51539608627,IMPORTS
73014445108,51539608628,IMPORTS
73014445109,51539608629,IMPORTS
73014445110,51539608630,IMPORTS
73014445111,51539608631,IMPORTS
73014445112,51539608632,IMPORTS
73014445113,51539608633,IMPORTS
73014445114,51539608634,IMPORTS
73014445115,51539608635,IMPORTS
73014445116,51539608636,IMPORTS
73014445117,51539608637,IMPORTS
73014445118,51539608638,IMPORTS
73014445119,51539608639,IMPORTS
73014445120,51539608640,IMPORTS
73014445121,51539608641,IMPORTS
73014445122,51539608642,IMPORTS
73014445123,51539608643,IMPORTS
73014445124,51539608644,IMPORTS
73014445125,51539608645,IMPORTS
73014445126,51539608646,IMPORTS
73014445127,51539608647,IMPORTS
73014445128,51539608648,IMPORTS
73014445129,51539608649,IMPORTS
73014445130,51539608650,IMPORTS
73014445131,51539608651,IMPORTS
73014445132,51539608652,IMPORTS
73014445133,51539608653,IMPORTS
73014445134,51539608654,IMPORTS
73014445135,51539608655,IMPORTS
73014445136,51539608656,IMPORTS
73014445137,51539608657,IMPORTS
73014445138,51539608658,IMPORTS
73014445139,51539608659,IMPORTS
73014445140,51539608660,IMPORTS
73014445141,51539608661,IMPORTS
73014445142,51539608662,IMPORTS
73014445143,51539608663,IMPORTS
73014445144,51539608664,IMPORTS
73014445145,51539608665,IMPORTS
73014445146,51539608666,IMPORTS
73014445147,51539608667,IMPORTS
73014445148,51539608668,IMPORTS
73014445149,51539608669,IMPORTS
73014445150,51539608670,IMPORTS
73014445151,51539608671,IMPORTS
73014445152,51539608672,IMPORTS
73014445153,51539608673,IMPORTS
73014445154,51539608674,IMPORTS
73014445155,51539608675,IMPORTS
73014445156,51539608676,IMPORTS
73014445157,51539608677,IMPORTS
73014445158,51539608678,IMPORTS
73014445159,51539608679,IMPORTS
73014445160,51539608680,IMPORTS
73014445161,51539608681,IMPORTS
73014445162,51539608682,IMPORTS
73014445163,51539608683,IMPORTS
73014445164,51539608684,IMPORTS
73014445165,51539608685,IMPORTS
73014445166,51539608686,IMPORTS
73014445167,51539608687,IMPORTS
73014445168,51539608688,IMPORTS
73014445169,51539608689,IMPORTS
73014445170,51539608690,IMPORTS
73014445171,51539608691,IMPORTS
73014445172,51539608692,IMPORTS
73014445173,51539608693,IMPORTS
73014445174,51539608694,IMPORTS
73014445175,51539608695,IMPORTS
73014445176,51539608696,IMPORTS
73014445177,51539608697,IMPORTS
73014445178,51539608698,IMPORTS
73014445179,51539608699,IMPORTS
73014445180,51539608700,IMPORTS
73014445181,51539608701,IMPORTS
73014445182,51539608702,IMPORTS
73014445183,51539608703,IMPORTS
73014445184,51539608704,IMPORTS
73014445185,51539608705,IMPORTS
73014445186,51539608706,IMPORTS
73014445187,51539608707,IMPORTS
73014445188,51539608708,IMPORTS
73014445189,51539608709,IMPORTS
73014445190,51539608710,IMPORTS
73014445191,51539608711,IMPORTS
73014445192,51539608712,IMPORTS
73014445193,51539608713,IMPORTS
73014445194,51539608714,IMPORTS
73014445195,51539608715,IMPORTS
73014445196,51539608716,IMPORTS
73014445197,51539608717,IMPORTS
73014445198,51539608718,IMPORTS
73014445199,51539608719,IMPORTS
73014445200,51539608720,IMPORTS
73014445201,51539608721,IMPORTS
73014445202,51539608722,IMPORTS
73014445203,51539608723,IMPORTS
73014445204,51539608724,IMPORTS
73014445205,51539608725,IMPORTS
73014445206,51539608726,IMPORTS
73014445207,51539608727,IMPORTS
73014445208,51539608728,IMPORTS
73014445209,51539608729,IMPORTS
73014445210,51539608730,IMPORTS
73014445211,51539608731,IMPORTS
73014445212,51539608732,IMPORTS
73014445213,51539608733,IMPORTS
73014445214,51539608734,IMPORTS
73014445215,51539608735,IMPORTS
73014445216,51539608736,IMPORTS
73014445217,51539608737,IMPORTS
73014445218,51539608738,IMPORTS
73014445219,51539608739,IMPORTS
73014445220,51539608740,IMPORTS
73014445221,51539608741,IMPORTS
73014445222,51539608742,IMPORTS
73014445223,51539608743,IMPORTS
73014445224,51539608744,IMPORTS
73014445225,51539608745,IMPORTS
73014445226,51539608746,IMPORTS
73014445227,51539608747,IMPORTS
73014445228,51539608748,IMPORTS
73014445229,51539608749,IMPORTS
73014445230,51539608750,IMPORTS
73014445231,51539608751,IMPORTS
73014445232,51539608752,IMPORTS
73014445233,51539608753,IMPORTS
73014445234,51539608754,IMPORTS
73014445235,51539608755,IMPORTS
73014445236,51539608756,IMPORTS
73014445237,51539608757,IMPORTS
73014445238,51539608758,IMPORTS
73014445239,51539608759,IMPORTS
73014445240,51539608760,IMPORTS
73014445241,51539608761,IMPORTS
73014445242,51539608762,IMPORTS
73014445243,51539608763,IMPORTS
73014445244,51539608764,IMPORTS
73014445245,51539608765,IMPORTS
73014445246,51539608766,IMPORTS
73014445247,51539608767,IMPORTS
73014445248,51539608768,IMPORTS
73014445249,51539608769,IMPORTS
73014445250,51539608770,IMPORTS
73014445251,51539608771,IMPORTS
73014445252,51539608772,IMPORTS
73014445253,51539608773,IMPORTS
73014445254,51539608774,IMPORTS
73014445255,51539608775,IMPORTS
73014445256,51539608776,IMPORTS
73014445257,51539608777,IMPORTS
73014445258,51539608778,IMPORTS
73014445259,51539608779,IMPORTS
73014445260,51539608780,IMPORTS
73014445261,51539608781,IMPORTS
73014445262,51539608782,IMPORTS
73014445263,51539608783,IMPORTS
73014445264,51539608784,IMPORTS
73014445265,51539608785,IMPORTS
73014445266,51539608786,IMPORTS
73014445267,51539608787,IMPORTS
73014445268,51539608788,IMPORTS
73014445269,51539608789,IMPORTS
73014445270,51539608790,IMPORTS
73014445271,51539608791,IMPORTS
73014445272,51539608792,IMPORTS
73014445273,51539608793,IMPORTS
73014445274,51539608794,IMPORTS
73014445275,51539608795,IMPORTS
73014445276,51539608796,IMPORTS
73014445277,51539608797,IMPORTS
73014445278,51539608798,IMPORTS
73014445279,51539608799,IMPORTS
73014445280,51539608800,IMPORTS
73014445281,51539608801,IMPORTS
73014445282,51539608802,IMPORTS
73014445283,51539608803,IMPORTS
73014445284,51539608804,IMPORTS
73014445285,51539608805,IMPORTS
73014445286,51539608806,IMPORTS
73014445287,51539608807,IMPORTS
73014445288,51539608808,IMPORTS
73014445289,51539608809,IMPORTS
73014445290,51539608810,IMPORTS
73014445291,51539608811,IMPORTS
73014445292,51539608812,IMPORTS
73014445293,51539608813,IMPORTS
73014445294,51539608814,IMPORTS
73014445295,51539608815,IMPORTS
73014445296,51539608816,IMPORTS
73014445297,51539608817,IMPORTS
73014445298,51539608818,IMPORTS
73014445299,51539608819,IMPORTS
73014445300,51539608820,IMPORTS
73014445301,51539608821,IMPORTS
73014445302,51539608822,IMPORTS
73014445303,51539608823,IMPORTS
73014445304,51539608824,IMPORTS
73014445305,51539608825,IMPORTS
73014445306,51539608826,IMPORTS
73014445307,51539608827,IMPORTS
73014445308,51539608828,IMPORTS
73014445309,51539608829,IMPORTS
73014445310,51539608830,IMPORTS
73014445311,51539608831,IMPORTS
73014445312,51539608832,IMPORTS
73014445313,51539608833,IMPORTS
73014445314,51539608834,IMPORTS
73014445315,51539608835,IMPORTS
73014445316,51539608836,IMPORTS
73014445317,51539608837,IMPORTS
73014445318,51539608838,IMPORTS
73014445319,51539608839,IMPORTS
73014445320,51539608840,IMPORTS
73014445321,51539608841,IMPORTS
73014445322,51539608842,IMPORTS
73014445323,51539608843,IMPORTS
73014445324,51539608844,IMPORTS
73014445325,51539608845,IMPORTS
73014445326,51539608846,IMPORTS
73014445327,51539608847,IMPORTS
73014445328,51539608848,IMPORTS
73014445329,51539608849,IMPORTS
73014445330,51539608850,IMPORTS
73014445331,51539608851,IMPORTS
73014445332,51539608852,IMPORTS
73014445333,51539608853,IMPORTS
73014445334,51539608854,IMPORTS
73014445335,51539608855,IMPORTS
73014445336,51539608856,IMPORTS
73014445337,51539608857,IMPORTS
73014445338,51539608858,IMPORTS
73014445339,51539608859,IMPORTS
73014445340,51539608860,IMPORTS
73014445341,51539608861,IMPORTS
73014445342,51539608862,IMPORTS
73014445343,51539608863,IMPORTS
73014445344,51539608864,IMPORTS
73014445345,51539608865,IMPORTS
73014445346,51539608866,IMPORTS
73014445347,51539608867,IMPORTS
73014445348,51539608868,IMPORTS
73014445349,51539608869,IMPORTS
73014445350,51539608870,IMPORTS
73014445351,51539608871,IMPORTS
73014445352,51539608872,IMPORTS
73014445353,51539608873,IMPORTS
73014445354,51539608874,IMPORTS
73014445355,51539608875,IMPORTS
73014445356,51539608876,IMPORTS
73014445357,51539608877,IMPORTS
73014445358,51539608878,IMPORTS
73014445359,51539608879,IMPORTS
73014445360,51539608880,IMPORTS
73014445361,51539608881,IMPORTS
73014445362,51539608882,IMPORTS
73014445363,51539608883,IMPORTS
73014445364,51539608884,IMPORTS
73014445365,51539608885,IMPORTS
73014445366,51539608886,IMPORTS
73014445367,51539608887,IMPORTS
73014445368,51539608888,IMPORTS
73014445369,51539608889,IMPORTS
73014445370,51539608890,IMPORTS
73014445371,51539608891,IMPORTS
73014445372,51539608892,IMPORTS
73014445373,51539608893,IMPORTS
73014445374,51539608894,IMPORTS
73014445375,51539608895,IMPORTS
73014445376,51539608896,IMPORTS
73014445377,51539608897,IMPORTS
73014445378,51539608898,IMPORTS
73014445379,51539608899,IMPORTS
73014445380,51539608900,IMPORTS
73014445381,51539608901,IMPORTS
73014445382,51539608902,IMPORTS
73014445383,51539608903,IMPORTS
73014445384,51539608904,IMPORTS
73014445385,51539608905,IMPORTS
73014445386,51539608906,IMPORTS
73014445387,51539608907,IMPORTS
73014445388,51539608908,IMPORTS
73014445389,51539608909,IMPORTS
73014445390,51539608910,IMPORTS
73014445391,51539608911,IMPORTS
73014445392,51539608912,IMPORTS
73014445393,51539608913,IMPORTS
73014445394,51539608914,IMPORTS
73014445395,51539608915,IMPORTS
73014445396,51539608916,IMPORTS
73014445397,51539608917,IMPORTS
73014445398,51539608918,IMPORTS
73014445399,51539608919,IMPORTS
73014445400,51539608920,IMPORTS
73014445401,51539608921,IMPORTS
73014445402,51539608922,IMPORTS
73014445403,51539608923,IMPORTS
73014445404,51539608924,IMPORTS
73014445405,51539608925,IMPORTS
73014445406,51539608926,IMPORTS
73014445407,51539608927,IMPORTS
73014445408,51539608928,IMPORTS
73014445409,51539608929,IMPORTS
73014445410,51539608930,IMPORTS
73014445411,51539608931,IMPORTS
73014445412,51539608932,IMPORTS
73014445413,51539608933,IMPORTS
73014445414,51539608934,IMPORTS
73014445415,51539608935,IMPORTS
73014445416,51539608936,IMPORTS
73014445417,51539608937,IMPORTS
73014445418,51539608938,IMPORTS
73014445419,51539608939,IMPORTS
73014445420,51539608940,IMPORTS
73014445421,51539608941,IMPORTS
73014445422,51539608942,IMPORTS
73014445423,51539608943,IMPORTS
73014445424,51539608944,IMPORTS
73014445425,51539608945,IMPORTS
73014445426,51539608946,IMPORTS
73014445427,51539608947,IMPORTS
73014445428,51539608948,IMPORTS
73014445429,51539608949,IMPORTS
73014445430,51539608950,IMPORTS
73014445431,51539608951,IMPORTS
73014445432,51539608952,IMPORTS
73014445433,51539608953,IMPORTS
73014445434,51539608954,IMPORTS
73014445435,51539608955,IMPORTS
73014445436,51539608956,IMPORTS
73014445437,51539608957,IMPORTS
73014445438,51539608958,IMPORTS
73014445439,51539608959,IMPORTS
73014445440,51539608960,IMPORTS
73014445441,51539608961,IMPORTS
73014445442,51539608962,IMPORTS
73014445443,51539608963,IMPORTS
73014445444,51539608964,IMPORTS
73014445445,51539608965,IMPORTS
73014445446,51539608966,IMPORTS
73014445447,51539608967,IMPORTS
73014445448,51539608968,IMPORTS
73014445449,51539608969,IMPORTS
73014445450,51539608970,IMPORTS
73014445451,51539608971,IMPORTS
73014445452,51539608972,IMPORTS
73014445453,51539608973,IMPORTS
73014445454,51539608974,IMPORTS
73014445455,51539608975,IMPORTS
73014445456,51539608976,IMPORTS
73014445457,51539608977,IMPORTS
73014445458,51539608978,IMPORTS
73014445459,51539608979,IMPORTS
73014445460,51539608980,IMPORTS
73014445461,51539608981,IMPORTS
73014445462,51539608982,IMPORTS
73014445463,51539608983,IMPORTS
73014445464,51539608984,IMPORTS
73014445465,51539608985,IMPORTS
73014445466,51539608986,IMPORTS
73014445467,51539608987,IMPORTS
73014445468,51539608988,IMPORTS
73014445469,51539608989,IMPORTS
73014445470,51539608990,IMPORTS
73014445471,51539608991,IMPORTS
73014445472,51539608992,IMPORTS
73014445473,51539608993,IMPORTS
73014445474,51539608994,IMPORTS
73014445475,51539608995,IMPORTS
73014445476,51539608996,IMPORTS
73014445477,51539608997,IMPORTS
73014445478,51539608998,IMPORTS
73014445479,51539608999,IMPORTS
73014445480,51539609000,IMPORTS
73014445481,51539609001,IMPORTS
73014445482,51539609002,IMPORTS
73014445483,51539609003,IMPORTS
73014445484,51539609004,IMPORTS
73014445485,51539609005,IMPORTS
73014445486,51539609006,IMPORTS
73014445487,51539609007,IMPORTS
73014445488,51539609008,IMPORTS
73014445489,51539609009,IMPORTS
73014445490,51539609010,IMPORTS
73014445491,51539609011,IMPORTS
73014445492,51539609012,IMPORTS
73014445493,51539609013,IMPORTS
73014445494,51539609014,IMPORTS
73014445495,51539609015,IMPORTS
73014445496,51539609016,IMPORTS
73014445497,51539609017,IMPORTS
73014445498,51539609018,IMPORTS
73014445499,51539609019,IMPORTS
73014445500,51539609020,IMPORTS
73014445501,51539609021,IMPORTS
73014445502,51539609022,IMPORTS
73014445503,51539609023,IMPORTS
73014445504,51539609024,IMPORTS
73014445505,51539609025,IMPORTS
73014445506,51539609026,IMPORTS
73014445507,51539609027,IMPORTS
73014445508,51539609028,IMPORTS
73014445509,51539609029,IMPORTS
73014445510,51539609030,IMPORTS
73014445511,51539609031,IMPORTS
73014445512,51539609032,IMPORTS
73014445513,51539609033,IMPORTS
73014445514,51539609034,IMPORTS
73014445515,51539609035,IMPORTS
73014445516,51539609036,IMPORTS
73014445517,51539609037,IMPORTS
73014445518,51539609038,IMPORTS
73014445519,51539609039,IMPORTS
73014445520,51539609040,IMPORTS
73014445521,51539609041,IMPORTS
73014445522,51539609042,IMPORTS
73014445523,51539609043,IMPORTS
73014445524,51539609044,IMPORTS
73014445525,51539609045,IMPORTS
73014445526,51539609046,IMPORTS
73014445527,51539609047,IMPORTS
73014445528,51539609048,IMPORTS
73014445529,51539609049,IMPORTS
73014445530,51539609050,IMPORTS
73014445531,51539609051,IMPORTS
73014445532,51539609052,IMPORTS
73014445533,51539609053,IMPORTS
73014445534,51539609054,IMPORTS
73014445535,51539609055,IMPORTS
73014445536,51539609056,IMPORTS
73014445537,51539609057,IMPORTS
73014445538,51539609058,IMPORTS
73014445539,51539609059,IMPORTS
73014445540,51539609060,IMPORTS
73014445541,51539609061,IMPORTS
73014445542,51539609062,IMPORTS
73014445543,51539609063,IMPORTS
73014445544,51539609064,IMPORTS
73014445545,51539609065,IMPORTS
73014445546,51539609066,IMPORTS
73014445547,51539609067,IMPORTS
73014445548,51539609068,IMPORTS
73014445549,51539609069,IMPORTS
73014445550,51539609070,IMPORTS
73014445551,51539609071,IMPORTS
73014445552,51539609072,IMPORTS
73014445553,51539609073,IMPORTS
73014445554,51539609074,IMPORTS
73014445555,51539609075,IMPORTS
73014445556,51539609076,IMPORTS
73014445557,51539609077,IMPORTS
73014445558,51539609078,IMPORTS
73014445559,51539609079,IMPORTS
73014445560,51539609080,IMPORTS
73014445561,51539609081,IMPORTS
73014445562,51539609082,IMPORTS
73014445563,51539609083,IMPORTS
73014445564,51539609084,IMPORTS
73014445565,51539609085,IMPORTS
73014445566,51539609086,IMPORTS
73014445567,51539609087,IMPORTS
73014445568,51539609088,IMPORTS
73014445569,51539609089,IMPORTS
73014445570,51539609090,IMPORTS
73014445571,51539609091,IMPORTS
73014445572,51539609092,IMPORTS
73014445573,51539609093,IMPORTS
73014445574,51539609094,IMPORTS
73014445575,51539609095,IMPORTS
73014445576,51539609096,IMPORTS
73014445577,51539609097,IMPORTS
73014445578,51539609098,IMPORTS
73014445579,51539609099,IMPORTS
73014445580,51539609100,IMPORTS
73014445581,51539609101,IMPORTS
73014445582,51539609102,IMPORTS
73014445583,51539609103,IMPORTS
73014445584,51539609104,IMPORTS
73014445585,51539609105,IMPORTS
73014445586,51539609106,IMPORTS
73014445587,51539609107,IMPORTS
73014445588,51539609108,IMPORTS
73014445589,51539609109,IMPORTS
73014445590,51539609110,IMPORTS
73014445591,51539609111,IMPORTS
73014445592,51539609112,IMPORTS
73014445593,51539609113,IMPORTS
73014445594,51539609114,IMPORTS
73014445595,51539609115,IMPORTS
73014445596,51539609116,IMPORTS
73014445597,51539609117,IMPORTS
73014445598,51539609118,IMPORTS
73014445599,51539609119,IMPORTS
73014445600,51539609120,IMPORTS
73014445601,51539609121,IMPORTS
73014445602,51539609122,IMPORTS
73014445603,51539609123,IMPORTS
73014445604,51539609124,IMPORTS
73014445605,51539609125,IMPORTS
73014445606,51539609126,IMPORTS
73014445607,51539609127,IMPORTS
73014445608,51539609128,IMPORTS
73014445609,51539609129,IMPORTS
73014445610,51539609130,IMPORTS
73014445611,51539609131,IMPORTS
73014445612,51539609132,IMPORTS
73014445613,51539609133,IMPORTS
73014445614,51539609134,IMPORTS
73014445615,51539609135,IMPORTS
73014445616,51539609136,IMPORTS
73014445617,51539609137,IMPORTS
73014445618,51539609138,IMPORTS
73014445619,51539609139,IMPORTS
73014445620,51539609140,IMPORTS
73014445621,51539609141,IMPORTS
73014445622,51539609142,IMPORTS
73014445623,51539609143,IMPORTS
73014445624,51539609144,IMPORTS
73014445625,51539609145,IMPORTS
73014445626,51539609146,IMPORTS
73014445627,51539609147,IMPORTS
73014445628,51539609148,IMPORTS
73014445629,51539609149,IMPORTS
73014445630,51539609150,IMPORTS
73014445631,51539609151,IMPORTS
73014445632,51539609152,IMPORTS
73014445633,51539609153,IMPORTS
73014445634,51539609154,IMPORTS
73014445635,51539609155,IMPORTS
73014445636,51539609156,IMPORTS
73014445637,51539609157,IMPORTS
73014445638,51539609158,IMPORTS
73014445639,51539609159,IMPORTS
73014445640,51539609160,IMPORTS
73014445641,51539609161,IMPORTS
73014445642,51539609162,IMPORTS
73014445643,51539609163,IMPORTS
73014445644,51539609164,IMPORTS
73014445645,51539609165,IMPORTS
73014445646,51539609166,IMPORTS
73014445647,51539609167,IMPORTS
73014445648,51539609168,IMPORTS
73014445649,51539609169,IMPORTS
73014445650,51539609170,IMPORTS
73014445651,51539609171,IMPORTS
73014445652,51539609172,IMPORTS
73014445653,51539609173,IMPORTS
73014445654,51539609174,IMPORTS
73014445655,51539609175,IMPORTS
73014445656,51539609176,IMPORTS
73014445657,51539609177,IMPORTS
73014445658,51539609178,IMPORTS
73014445659,51539609179,IMPORTS
73014445660,51539609180,IMPORTS
73014445661,51539609181,IMPORTS
73014445662,51539609182,IMPORTS
73014445663,51539609183,IMPORTS
73014445664,51539609184,IMPORTS
73014445665,51539609185,IMPORTS
73014445666,51539609186,IMPORTS
73014445667,51539609187,IMPORTS
73014445668,51539609188,IMPORTS
73014445669,51539609189,IMPORTS
73014445670,51539609190,IMPORTS
73014445671,51539609191,IMPORTS
73014445672,51539609192,IMPORTS
73014445673,51539609193,IMPORTS
73014445674,51539609194,IMPORTS
73014445675,51539609195,IMPORTS
73014445676,51539609196,IMPORTS
73014445677,51539609197,IMPORTS
73014445678,51539609198,IMPORTS
73014445679,51539609199,IMPORTS
73014445680,51539609200,IMPORTS
73014445681,51539609201,IMPORTS
73014445682,51539609202,IMPORTS
73014445683,51539609203,IMPORTS
73014445684,51539609204,IMPORTS
73014445685,51539609205,IMPORTS
73014445686,51539609206,IMPORTS
73014445687,51539609207,IMPORTS
73014445688,51539609208,IMPORTS
73014445689,51539609209,IMPORTS
73014445690,51539609210,IMPORTS
73014445691,51539609211,IMPORTS
73014445692,51539609212,IMPORTS
73014445693,51539609213,IMPORTS
73014445694,51539609214,IMPORTS
73014445695,51539609215,IMPORTS
73014445696,51539609216,IMPORTS
73014445697,51539609217,IMPORTS
73014445698,51539609218,IMPORTS
73014445699,51539609219,IMPORTS
73014445700,51539609220,IMPORTS
73014445701,51539609221,IMPORTS
73014445702,51539609222,IMPORTS
73014445703,51539609223,IMPORTS
73014445704,51539609224,IMPORTS
73014445705,51539609225,IMPORTS
73014445706,51539609226,IMPORTS
73014445707,51539609227,IMPORTS
73014445708,51539609228,IMPORTS
73014445709,51539609229,IMPORTS
73014445710,51539609230,IMPORTS
73014445711,51539609231,IMPORTS
73014445712,51539609232,IMPORTS
73014445713,51539609233,IMPORTS
73014445714,51539609234,IMPORTS
73014445715,51539609235,IMPORTS
73014445716,51539609236,IMPORTS
73014445717,51539609237,IMPORTS
73014445718,51539609238,IMPORTS
73014445719,51539609239,IMPORTS
73014445720,51539609240,IMPORTS
73014445721,51539609241,IMPORTS
73014445722,51539609242,IMPORTS
73014445723,51539609243,IMPORTS
73014445724,51539609244,IMPORTS
73014445725,51539609245,IMPORTS
73014445726,51539609246,IMPORTS
73014445727,51539609247,IMPORTS
73014445728,51539609248,IMPORTS
73014445729,51539609249,IMPORTS
73014445730,51539609250,IMPORTS
73014445731,51539609251,IMPORTS
73014445732,51539609252,IMPORTS
73014445733,51539609253,IMPORTS
73014445734,51539609254,IMPORTS
73014445735,51539609255,IMPORTS
73014445736,51539609256,IMPORTS
73014445737,51539609257,IMPORTS
73014445738,51539609258,IMPORTS
73014445739,51539609259,IMPORTS
73014445740,51539609260,IMPORTS
73014445741,51539609261,IMPORTS
73014445742,51539609262,IMPORTS
73014445743,51539609263,IMPORTS
73014445744,51539609264,IMPORTS
73014445745,51539609265,IMPORTS
73014445746,51539609266,IMPORTS
73014445747,51539609267,IMPORTS
73014445748,51539609268,IMPORTS
73014445749,51539609269,IMPORTS
73014445750,51539609270,IMPORTS
73014445751,51539609271,IMPORTS
73014445752,51539609272,IMPORTS
73014445753,51539609273,IMPORTS
73014445754,51539609274,IMPORTS
73014445755,51539609275,IMPORTS
73014445756,51539609276,IMPORTS
73014445757,51539609277,IMPORTS
73014445758,51539609278,IMPORTS
73014445759,51539609279,IMPORTS
73014445760,51539609280,IMPORTS
73014445761,51539609281,IMPORTS
73014445762,51539609282,IMPORTS
73014445763,51539609283,IMPORTS
73014445764,51539609284,IMPORTS
73014445765,51539609285,IMPORTS
73014445766,51539609286,IMPORTS
73014445767,51539609287,IMPORTS
73014445768,51539609288,IMPORTS
73014445769,51539609289,IMPORTS
73014445770,51539609290,IMPORTS
73014445771,51539609291,IMPORTS
73014445772,51539609292,IMPORTS
73014445773,51539609293,IMPORTS
73014445774,51539609294,IMPORTS
73014445775,51539609295,IMPORTS
73014445776,51539609296,IMPORTS
73014445777,51539609297,IMPORTS
73014445778,51539609298,IMPORTS
73014445779,51539609299,IMPORTS
73014445780,51539609300,IMPORTS
73014445781,51539609301,IMPORTS
73014445782,51539609302,IMPORTS
73014445783,51539609303,IMPORTS
73014445784,51539609304,IMPORTS
73014445785,51539609305,IMPORTS
73014445786,51539609306,IMPORTS
73014445787,51539609307,IMPORTS
73014445788,51539609308,IMPORTS
73014445789,51539609309,IMPORTS
73014445790,51539609310,IMPORTS
73014445791,51539609311,IMPORTS
73014445792,51539609312,IMPORTS
73014445793,51539609313,IMPORTS
73014445794,51539609314,IMPORTS
73014445795,51539609315,IMPORTS
73014445796,51539609316,IMPORTS
73014445797,51539609317,IMPORTS
73014445798,51539609318,IMPORTS
73014445799,51539609319,IMPORTS
73014445800,51539609320,IMPORTS
73014445801,51539609321,IMPORTS
73014445802,51539609322,IMPORTS
73014445803,51539609323,IMPORTS
73014445804,51539609324,IMPORTS
73014445805,51539609325,IMPORTS
73014445806,51539609326,IMPORTS
73014445807,51539609327,IMPORTS
73014445808,51539609328,IMPORTS
73014445809,51539609329,IMPORTS
73014445810,51539609330,IMPORTS
73014445811,51539609331,IMPORTS
73014445812,51539609332,IMPORTS
73014445813,51539609333,IMPORTS
73014445814,51539609334,IMPORTS
73014445815,51539609335,IMPORTS
73014445816,51539609336,IMPORTS
73014445817,51539609337,IMPORTS
73014445818,51539609338,IMPORTS
73014445819,51539609339,IMPORTS
73014445820,51539609340,IMPORTS
73014445821,51539609341,IMPORTS
73014445822,51539609342,IMPORTS
73014445823,51539609343,IMPORTS
73014445824,51539609344,IMPORTS
73014445825,51539609345,IMPORTS
73014445826,51539609346,IMPORTS
73014445827,51539609347,IMPORTS
73014445828,51539609348,IMPORTS
73014445829,51539609349,IMPORTS
73014445830,51539609350,IMPORTS
73014445831,51539609351,IMPORTS
73014445832,51539609352,IMPORTS
73014445833,51539609353,IMPORTS
73014445834,51539609354,IMPORTS
73014445835,51539609355,IMPORTS
73014445836,51539609356,IMPORTS
73014445837,51539609357,IMPORTS
73014445838,51539609358,IMPORTS
73014445839,51539609359,IMPORTS
73014445840,51539609360,IMPORTS
73014445841,51539609361,IMPORTS
73014445842,51539609362,IMPORTS
73014445843,51539609363,IMPORTS
73014445844,51539609364,IMPORTS
73014445845,51539609365,IMPORTS
73014445846,51539609366,IMPORTS
73014445847,51539609367,IMPORTS
73014445848,51539609368,IMPORTS
73014445849,51539609369,IMPORTS
73014445850,51539609370,IMPORTS
73014445851,51539609371,IMPORTS
73014445852,51539609372,IMPORTS
73014445853,51539609373,IMPORTS
73014445854,51539609374,IMPORTS
73014445855,51539609375,IMPORTS
73014445856,51539609376,IMPORTS
73014445857,51539609377,IMPORTS
73014445858,51539609378,IMPORTS
73014445859,51539609379,IMPORTS
73014445860,51539609380,IMPORTS
73014445861,51539609381,IMPORTS
73014445862,51539609382,IMPORTS
73014445863,51539609383,IMPORTS
73014445864,51539609384,IMPORTS
73014445865,51539609385,IMPORTS
73014445866,51539609386,IMPORTS
73014445867,51539609387,IMPORTS
73014445868,51539609388,IMPORTS
73014445869,51539609389,IMPORTS
73014445870,51539609390,IMPORTS
73014445871,51539609391,IMPORTS
73014445872,51539609392,IMPORTS
73014445873,51539609393,IMPORTS
73014445874,51539609394,IMPORTS
73014445875,51539609395,IMPORTS
73014445876,51539609396,IMPORTS
73014445877,51539609397,IMPORTS
73014445878,51539609398,IMPORTS
73014445879,51539609399,IMPORTS
73014445880,51539609400,IMPORTS
73014445881,51539609401,IMPORTS
73014445882,51539609402,IMPORTS
73014445883,51539609403,IMPORTS
73014445884,51539609404,IMPORTS
73014445885,51539609405,IMPORTS
73014445886,51539609406,IMPORTS
73014445887,51539609407,IMPORTS
73014445888,51539609408,IMPORTS
73014445889,51539609409,IMPORTS
73014445890,51539609410,IMPORTS
73014445891,51539609411,IMPORTS
73014445892,51539609412,IMPORTS
73014445893,51539609413,IMPORTS
73014445894,51539609414,IMPORTS
73014445895,51539609415,IMPORTS
73014445896,51539609416,IMPORTS
73014445897,51539609417,IMPORTS
73014445898,51539609418,IMPORTS
73014445899,51539609419,IMPORTS
73014445900,51539609420,IMPORTS
73014445901,51539609421,IMPORTS
73014445902,51539609422,IMPORTS
73014445903,51539609423,IMPORTS
73014445904,51539609424,IMPORTS
73014445905,51539609425,IMPORTS
73014445906,51539609426,IMPORTS
73014445907,51539609427,IMPORTS
73014445908,51539609428,IMPORTS
73014445909,51539609429,IMPORTS
73014445910,51539609430,IMPORTS
73014445911,51539609431,IMPORTS
73014445912,51539609432,IMPORTS
73014445913,51539609433,IMPORTS
73014445914,51539609434,IMPORTS
73014445915,51539609435,IMPORTS
73014445916,51539609436,IMPORTS
73014445917,51539609437,IMPORTS
73014445918,51539609438,IMPORTS
73014445919,51539609439,IMPORTS
73014445920,51539609440,IMPORTS
73014445921,51539609441,IMPORTS
73014445922,51539609442,IMPORTS
73014445923,51539609443,IMPORTS
73014445924,51539609444,IMPORTS
73014445925,51539609445,IMPORTS
73014445926,51539609446,IMPORTS
73014445927,51539609447,IMPORTS
73014445928,51539609448,IMPORTS
73014445929,51539609449,IMPORTS
73014445930,51539609450,IMPORTS
73014445931,51539609451,IMPORTS
73014445932,51539609452,IMPORTS
73014445933,51539609453,IMPORTS
73014445934,51539609454,IMPORTS
73014445935,51539609455,IMPORTS
73014445936,51539609456,IMPORTS
73014445937,51539609457,IMPORTS
73014445938,51539609458,IMPORTS
73014445939,51539609459,IMPORTS
73014445940,51539609460,IMPORTS
73014445941,51539609461,IMPORTS
73014445942,51539609462,IMPORTS
73014445943,51539609463,IMPORTS
73014445944,51539609464,IMPORTS
73014445945,51539609465,IMPORTS
73014445946,51539609466,IMPORTS
73014445947,51539609467,IMPORTS
73014445948,51539609468,IMPORTS
73014445949,51539609469,IMPORTS
73014445950,51539609470,IMPORTS
73014445951,51539609471,IMPORTS
73014445952,51539609472,IMPORTS
73014445953,51539609473,IMPORTS
73014445954,51539609474,IMPORTS
73014445955,51539609475,IMPORTS
73014445956,51539609476,IMPORTS
73014445957,51539609477,IMPORTS
73014445958,51539609478,IMPORTS
73014445959,51539609479,IMPORTS
73014445960,51539609480,IMPORTS
73014445961,51539609481,IMPORTS
73014445962,51539609482,IMPORTS
73014445963,51539609483,IMPORTS
73014445964,51539609484,IMPORTS
73014445965,51539609485,IMPORTS
73014445966,51539609486,IMPORTS
73014445967,51539609487,IMPORTS
73014445968,51539609488,IMPORTS
73014445969,51539609489,IMPORTS
73014445970,51539609490,IMPORTS
73014445971,51539609491,IMPORTS
73014445972,51539609492,IMPORTS
73014445973,51539609493,IMPORTS
73014445974,51539609494,IMPORTS
73014445975,51539609495,IMPORTS
73014445976,51539609496,IMPORTS
73014445977,51539609497,IMPORTS
73014445978,51539609498,IMPORTS
73014445979,51539609499,IMPORTS
73014445980,51539609500,IMPORTS
73014445981,51539609501,IMPORTS
73014445982,51539609502,IMPORTS
73014445983,51539609503,IMPORTS
73014445984,51539609504,IMPORTS
73014445985,51539609505,IMPORTS
73014445986,51539609506,IMPORTS
73014445987,51539609507,IMPORTS
73014445988,51539609508,IMPORTS
73014445989,51539609509,IMPORTS
73014445990,51539609510,IMPORTS
73014445991,51539609511,IMPORTS
73014445992,51539609512,IMPORTS
73014445993,51539609513,IMPORTS
73014445994,51539609514,IMPORTS
73014445995,51539609515,IMPORTS
73014445996,51539609516,IMPORTS
73014445997,51539609517,IMPORTS
73014445998,51539609518,IMPORTS
73014445999,51539609519,IMPORTS
73014446000,51539609520,IMPORTS
73014446001,51539609521,IMPORTS
73014446002,51539609522,IMPORTS
73014446003,51539609523,IMPORTS
73014446004,51539609524,IMPORTS
73014446005,51539609525,IMPORTS
73014446006,51539609526,IMPORTS
73014446007,51539609527,IMPORTS
73014446008,51539609528,IMPORTS
73014446009,51539609529,IMPORTS
73014446010,51539609530,IMPORTS
73014446011,51539609531,IMPORTS
73014446012,51539609532,IMPORTS
73014446013,51539609533,IMPORTS
73014446014,51539609534,IMPORTS
73014446015,51539609535,IMPORTS
73014446016,51539609536,IMPORTS
73014446017,51539609537,IMPORTS
73014446018,51539609538,IMPORTS
73014446019,51539609539,IMPORTS
73014446020,51539609540,IMPORTS
73014446021,51539609541,IMPORTS
73014446022,51539609542,IMPORTS
73014446023,51539609543,IMPORTS
73014446024,51539609544,IMPORTS
73014446025,51539609545,IMPORTS
73014446026,51539609546,IMPORTS
73014446027,51539609547,IMPORTS
73014446028,51539609548,IMPORTS
73014446029,51539609549,IMPORTS
73014446030,51539609550,IMPORTS
73014446031,51539609551,IMPORTS
73014446032,51539609552,IMPORTS
73014446033,51539609553,IMPORTS
73014446034,51539609554,IMPORTS
73014446035,51539609555,IMPORTS
73014446036,51539609556,IMPORTS
73014446037,51539609557,IMPORTS
73014446038,51539609558,IMPORTS
73014446039,51539609559,IMPORTS
73014446040,51539609560,IMPORTS
73014446041,51539609561,IMPORTS
73014446042,51539609562,IMPORTS
73014446043,51539609563,IMPORTS
73014446044,51539609564,IMPORTS
73014446045,51539609565,IMPORTS
73014446046,51539609566,IMPORTS
73014446047,51539609567,IMPORTS
73014446048,51539609568,IMPORTS
73014446049,51539609569,IMPORTS
73014446050,51539609570,IMPORTS
73014446051,51539609571,IMPORTS
73014446052,51539609572,IMPORTS
73014446053,51539609573,IMPORTS
73014446054,51539609574,IMPORTS
73014446055,51539609575,IMPORTS
73014446056,51539609576,IMPORTS
73014446057,51539609577,IMPORTS
73014446058,51539609578,IMPORTS
73014446059,51539609579,IMPORTS
73014446060,51539609580,IMPORTS
73014446061,51539609581,IMPORTS
73014446062,51539609582,IMPORTS
73014446063,51539609583,IMPORTS
73014446064,51539609584,IMPORTS
73014446065,51539609585,IMPORTS
73014446066,51539609586,IMPORTS
73014446067,51539609587,IMPORTS
73014446068,51539609588,IMPORTS
73014446069,51539609589,IMPORTS
73014446070,51539609590,IMPORTS
73014446071,51539609591,IMPORTS
73014446072,51539609592,IMPORTS
73014446073,51539609593,IMPORTS
73014446074,51539609594,IMPORTS
73014446075,51539609595,IMPORTS
73014446076,51539609596,IMPORTS
73014446077,51539609597,IMPORTS
73014446078,51539609598,IMPORTS
73014446079,51539609599,IMPORTS
73014446080,51539609600,IMPORTS
73014446081,51539609601,IMPORTS
73014446082,51539609602,IMPORTS
73014446083,51539609603,IMPORTS
73014446084,51539609604,IMPORTS
73014446085,51539609605,IMPORTS
73014446086,51539609606,IMPORTS
73014446087,51539609607,IMPORTS
73014446088,51539609608,IMPORTS
73014446089,51539609609,IMPORTS
73014446090,51539609610,IMPORTS
73014446091,51539609611,IMPORTS
73014446092,51539609612,IMPORTS
73014446093,51539609613,IMPORTS
73014446094,51539609614,IMPORTS
73014446095,51539609615,IMPORTS
73014446096,51539609616,IMPORTS
73014446097,51539609617,IMPORTS
73014446098,51539609618,IMPORTS
73014446099,51539609619,IMPORTS
73014446100,51539609620,IMPORTS
73014446101,51539609621,IMPORTS
73014446102,51539609622,IMPORTS
73014446103,51539609623,IMPORTS
73014446104,51539609624,IMPORTS
73014446105,51539609625,IMPORTS
73014446106,51539609626,IMPORTS
73014446107,51539609627,IMPORTS
73014446108,51539609628,IMPORTS
73014446109,51539609629,IMPORTS
73014446110,51539609630,IMPORTS
73014446111,51539609631,IMPORTS
73014446112,51539609632,IMPORTS
73014446113,51539609633,IMPORTS
73014446114,51539609634,IMPORTS
73014446115,51539609635,IMPORTS
73014446116,51539609636,IMPORTS
73014446117,51539609637,IMPORTS
73014446118,51539609638,IMPORTS
73014446119,51539609639,IMPORTS
73014446120,51539609640,IMPORTS
73014446121,51539609641,IMPORTS
73014446122,51539609642,IMPORTS
73014446123,51539609643,IMPORTS
73014446124,51539609644,IMPORTS
73014446125,51539609645,IMPORTS
73014446126,51539609646,IMPORTS
73014446127,51539609647,IMPORTS
73014446128,51539609648,IMPORTS
73014446129,51539609649,IMPORTS
73014446130,51539609650,IMPORTS
73014446131,51539609651,IMPORTS
73014446132,51539609652,IMPORTS
73014446133,51539609653,IMPORTS
73014446134,51539609654,IMPORTS
73014446135,51539609655,IMPORTS
73014446136,51539609656,IMPORTS
73014446137,51539609657,IMPORTS
73014446138,51539609658,IMPORTS
73014446139,51539609659,IMPORTS
73014446140,51539609660,IMPORTS
73014446141,51539609661,IMPORTS
73014446142,51539609662,IMPORTS
73014446143,51539609663,IMPORTS
73014446144,51539609664,IMPORTS
73014446145,51539609665,IMPORTS
73014446146,51539609666,IMPORTS
73014446147,51539609667,IMPORTS
73014446148,51539609668,IMPORTS
73014446149,51539609669,IMPORTS
73014446150,51539609670,IMPORTS
73014446151,51539609671,IMPORTS
73014446152,51539609672,IMPORTS
73014446153,51539609673,IMPORTS
73014446154,51539609674,IMPORTS
73014446155,51539609675,IMPORTS
73014446156,51539609676,IMPORTS
73014446157,51539609677,IMPORTS
73014446158,51539609678,IMPORTS
73014446159,51539609679,IMPORTS
73014446160,51539609680,IMPORTS
73014446161,51539609681,IMPORTS
73014446162,51539609682,IMPORTS
73014446163,51539609683,IMPORTS
73014446164,51539609684,IMPORTS
73014446165,51539609685,IMPORTS
73014446166,51539609686,IMPORTS
73014446167,51539609687,IMPORTS
73014446168,51539609688,IMPORTS
73014446169,51539609689,IMPORTS
73014446170,51539609690,IMPORTS
73014446171,51539609691,IMPORTS
73014446172,51539609692,IMPORTS
73014446173,51539609693,IMPORTS
73014446174,51539609694,IMPORTS
73014446175,51539609695,IMPORTS
73014446176,51539609696,IMPORTS
73014446177,51539609697,IMPORTS
73014446178,51539609698,IMPORTS
73014446179,51539609699,IMPORTS
73014446180,51539609700,IMPORTS
73014446181,51539609701,IMPORTS
73014446182,51539609702,IMPORTS
73014446183,51539609703,IMPORTS
73014446184,51539609704,IMPORTS
73014446185,51539609705,IMPORTS
73014446186,51539609706,IMPORTS
73014446187,51539609707,IMPORTS
73014446188,51539609708,IMPORTS
73014446189,51539609709,IMPORTS
73014446190,51539609710,IMPORTS
73014446191,51539609711,IMPORTS
73014446192,51539609712,IMPORTS
73014446193,51539609713,IMPORTS
73014446194,51539609714,IMPORTS
73014446195,51539609715,IMPORTS
73014446196,51539609716,IMPORTS
73014446197,51539609717,IMPORTS
73014446198,51539609718,IMPORTS
73014446199,51539609719,IMPORTS
73014446200,51539609720,IMPORTS
73014446201,51539609721,IMPORTS
73014446202,51539609722,IMPORTS
73014446203,51539609723,IMPORTS
73014446204,51539609724,IMPORTS
73014446205,51539609725,IMPORTS
73014446206,51539609726,IMPORTS
73014446207,51539609727,IMPORTS
73014446208,51539609728,IMPORTS
73014446209,51539609729,IMPORTS
73014446210,51539609730,IMPORTS
73014446211,51539609731,IMPORTS
73014446212,51539609732,IMPORTS
73014446213,51539609733,IMPORTS
73014446214,51539609734,IMPORTS
73014446215,51539609735,IMPORTS
73014446216,51539609736,IMPORTS
73014446217,51539609737,IMPORTS
73014446218,51539609738,IMPORTS
73014446219,51539609739,IMPORTS
73014446220,51539609740,IMPORTS
73014446221,51539609741,IMPORTS
73014446222,51539609742,IMPORTS
73014446223,51539609743,IMPORTS
73014446224,51539609744,IMPORTS
73014446225,51539609745,IMPORTS
73014446226,51539609746,IMPORTS
73014446227,51539609747,IMPORTS
73014446228,51539609748,IMPORTS
73014446229,51539609749,IMPORTS
73014446230,51539609750,IMPORTS
73014446231,51539609751,IMPORTS
73014446232,51539609752,IMPORTS
73014446233,51539609753,IMPORTS
73014446234,51539609754,IMPORTS
73014446235,51539609755,IMPORTS
73014446236,51539609756,IMPORTS
73014446237,51539609757,IMPORTS
73014446238,51539609758,IMPORTS
73014446239,51539609759,IMPORTS
73014446240,51539609760,IMPORTS
73014446241,51539609761,IMPORTS
73014446242,51539609762,IMPORTS
73014446243,51539609763,IMPORTS
73014446244,51539609764,IMPORTS
73014446245,51539609765,IMPORTS
73014446246,51539609766,IMPORTS
73014446247,51539609767,IMPORTS
73014446248,51539609768,IMPORTS
73014446249,51539609769,IMPORTS
73014446250,51539609770,IMPORTS
73014446251,51539609771,IMPORTS
73014446252,51539609772,IMPORTS
73014446253,51539609773,IMPORTS
73014446254,51539609774,IMPORTS
73014446255,51539609775,IMPORTS
73014446256,51539609776,IMPORTS
73014446257,51539609777,IMPORTS
73014446258,51539609778,IMPORTS
73014446259,51539609779,IMPORTS
73014446260,51539609780,IMPORTS
73014446261,51539609781,IMPORTS
73014446262,51539609782,IMPORTS
73014446263,51539609783,IMPORTS
73014446264,51539609784,IMPORTS
73014446265,51539609785,IMPORTS
73014446266,51539609786,IMPORTS
73014446267,51539609787,IMPORTS
73014446268,51539609788,IMPORTS
73014446269,51539609789,IMPORTS
73014446270,51539609790,IMPORTS
73014446271,51539609791,IMPORTS
73014446272,51539609792,IMPORTS
73014446273,51539609793,IMPORTS
73014446274,51539609794,IMPORTS
73014446275,51539609795,IMPORTS
73014446276,51539609796,IMPORTS
73014446277,51539609797,IMPORTS
73014446278,51539609798,IMPORTS
73014446279,51539609799,IMPORTS
73014446280,51539609800,IMPORTS
73014446281,51539609801,IMPORTS
73014446282,51539609802,IMPORTS
73014446283,51539609803,IMPORTS
73014446284,51539609804,IMPORTS
73014446285,51539609805,IMPORTS
73014446286,51539609806,IMPORTS
73014446287,51539609807,IMPORTS
73014446288,51539609808,IMPORTS
73014446289,51539609809,IMPORTS
73014446290,51539609810,IMPORTS
73014446291,51539609811,IMPORTS
73014446292,51539609812,IMPORTS
73014446293,51539609813,IMPORTS
73014446294,51539609814,IMPORTS
73014446295,51539609815,IMPORTS
73014446296,51539609816,IMPORTS
73014446297,51539609817,IMPORTS
73014446298,51539609818,IMPORTS
73014446299,51539609819,IMPORTS
73014446300,51539609820,IMPORTS
73014446301,51539609821,IMPORTS
73014446302,51539609822,IMPORTS
73014446303,51539609823,IMPORTS
73014446304,51539609824,IMPORTS
73014446305,51539609825,IMPORTS
73014446306,51539609826,IMPORTS
73014446307,51539609827,IMPORTS
73014446308,51539609828,IMPORTS
73014446309,51539609829,IMPORTS
73014446310,51539609830,IMPORTS
73014446311,51539609831,IMPORTS
73014446312,51539609832,IMPORTS
73014446313,51539609833,IMPORTS
73014446314,51539609834,IMPORTS
73014446315,51539609835,IMPORTS
73014446316,51539609836,IMPORTS
73014446317,51539609837,IMPORTS
73014446318,51539609838,IMPORTS
73014446319,51539609839,IMPORTS
73014446320,51539609840,IMPORTS
73014446321,51539609841,IMPORTS
73014446322,51539609842,IMPORTS
73014446323,51539609843,IMPORTS
73014446324,51539609844,IMPORTS
73014446325,51539609845,IMPORTS
73014446326,51539609846,IMPORTS
73014446327,51539609847,IMPORTS
73014446328,51539609848,IMPORTS
73014446329,51539609849,IMPORTS
73014446330,51539609850,IMPORTS
73014446331,51539609851,IMPORTS
73014446332,51539609852,IMPORTS
73014446333,51539609853,IMPORTS
73014446334,51539609854,IMPORTS
73014446335,51539609855,IMPORTS
73014446336,51539609856,IMPORTS
73014446337,51539609857,IMPORTS
73014446338,51539609858,IMPORTS
73014446339,51539609859,IMPORTS
73014446340,51539609860,IMPORTS
73014446341,51539609861,IMPORTS
73014446342,51539609862,IMPORTS
73014446343,51539609863,IMPORTS
73014446344,51539609864,IMPORTS
73014446345,51539609865,IMPORTS
73014446346,51539609866,IMPORTS
73014446347,51539609867,IMPORTS
73014446348,51539609868,IMPORTS
73014446349,51539609869,IMPORTS
73014446350,51539609870,IMPORTS
73014446351,51539609871,IMPORTS
73014446352,51539609872,IMPORTS
73014446353,51539609873,IMPORTS
73014446354,51539609874,IMPORTS
73014446355,51539609875,IMPORTS
73014446356,51539609876,IMPORTS
73014446357,51539609877,IMPORTS
73014446358,51539609878,IMPORTS
73014446359,51539609879,IMPORTS
73014446360,51539609880,IMPORTS
73014446361,51539609881,IMPORTS
73014446362,51539609882,IMPORTS
73014446363,51539609883,IMPORTS
73014446364,51539609884,IMPORTS
73014446365,51539609885,IMPORTS
73014446366,51539609886,IMPORTS
73014446367,51539609887,IMPORTS
73014446368,51539609888,IMPORTS
73014446369,51539609889,IMPORTS
73014446370,51539609890,IMPORTS
73014446371,51539609891,IMPORTS
73014446372,51539609892,IMPORTS
73014446373,51539609893,IMPORTS
73014446374,51539609894,IMPORTS
73014446375,51539609895,IMPORTS
73014446376,51539609896,IMPORTS
73014446377,51539609897,IMPORTS
73014446378,51539609898,IMPORTS
73014446379,51539609899,IMPORTS
73014446380,51539609900,IMPORTS
73014446381,51539609901,IMPORTS
73014446382,51539609902,IMPORTS
73014446383,51539609903,IMPORTS
73014446384,51539609904,IMPORTS
73014446385,51539609905,IMPORTS
73014446386,51539609906,IMPORTS
73014446387,51539609907,IMPORTS
73014446388,51539609908,IMPORTS
73014446389,51539609909,IMPORTS
73014446390,51539609910,IMPORTS
73014446391,51539609911,IMPORTS
73014446392,51539609912,IMPORTS
73014446393,51539609913,IMPORTS
73014446394,51539609914,IMPORTS
73014446395,51539609915,IMPORTS
73014446396,51539609916,IMPORTS
73014446397,51539609917,IMPORTS
73014446398,51539609918,IMPORTS
73014446399,51539609919,IMPORTS
73014446400,51539609920,IMPORTS
73014446401,51539609921,IMPORTS
73014446402,51539609922,IMPORTS
73014446403,51539609923,IMPORTS
73014446404,51539609924,IMPORTS
73014446405,51539609925,IMPORTS
73014446406,51539609926,IMPORTS
73014446407,51539609927,IMPORTS
73014446408,51539609928,IMPORTS
73014446409,51539609929,IMPORTS
73014446410,51539609930,IMPORTS
73014446411,51539609931,IMPORTS
73014446412,51539609932,IMPORTS
73014446413,51539609933,IMPORTS
73014446414,51539609934,IMPORTS
73014446415,51539609935,IMPORTS
73014446416,51539609936,IMPORTS
73014446417,51539609937,IMPORTS
73014446418,51539609938,IMPORTS
73014446419,51539609939,IMPORTS
73014446420,51539609940,IMPORTS
73014446421,51539609941,IMPORTS
73014446422,51539609942,IMPORTS
73014446423,51539609943,IMPORTS
73014446424,51539609944,IMPORTS
73014446425,51539609945,IMPORTS
73014446426,51539609946,IMPORTS
73014446427,51539609947,IMPORTS
73014446428,51539609948,IMPORTS
73014446429,51539609949,IMPORTS
73014446430,51539609950,IMPORTS
73014446431,51539609951,IMPORTS
73014446432,51539609952,IMPORTS
73014446433,51539609953,IMPORTS
73014446434,51539609954,IMPORTS
73014446435,51539609955,IMPORTS
73014446436,51539609956,IMPORTS
73014446437,51539609957,IMPORTS
73014446438,51539609958,IMPORTS
73014446439,51539609959,IMPORTS
73014446440,51539609960,IMPORTS
73014446441,51539609961,IMPORTS
73014446442,51539609962,IMPORTS
73014446443,51539609963,IMPORTS
73014446444,51539609964,IMPORTS
73014446445,51539609965,IMPORTS
73014446446,51539609966,IMPORTS
73014446447,51539609967,IMPORTS
73014446448,51539609968,IMPORTS
73014446449,51539609969,IMPORTS
73014446450,51539609970,IMPORTS
73014446451,51539609971,IMPORTS
73014446452,51539609972,IMPORTS
73014446453,51539609973,IMPORTS
73014446454,51539609974,IMPORTS
73014446455,51539609975,IMPORTS
73014446456,51539609976,IMPORTS
73014446457,51539609977,IMPORTS
73014446458,51539609978,IMPORTS
73014446459,51539609979,IMPORTS
73014446460,51539609980,IMPORTS
73014446461,51539609981,IMPORTS
73014446462,51539609982,IMPORTS
73014446463,51539609983,IMPORTS
73014446464,51539609984,IMPORTS
73014446465,51539609985,IMPORTS
73014446466,51539609986,IMPORTS
73014446467,51539609987,IMPORTS
73014446468,51539609988,IMPORTS
73014446469,51539609989,IMPORTS
73014446470,51539609990,IMPORTS
73014446471,51539609991,IMPORTS
73014446472,51539609992,IMPORTS
73014446473,51539609993,IMPORTS
73014446474,51539609994,IMPORTS
73014446475,51539609995,IMPORTS
73014446476,51539609996,IMPORTS
73014446477,51539609997,IMPORTS
73014446478,51539609998,IMPORTS
73014446479,51539609999,IMPORTS
73014446480,51539610000,IMPORTS
73014446481,51539610001,IMPORTS
73014446482,51539610002,IMPORTS
73014446483,51539610003,IMPORTS
73014446484,51539610004,IMPORTS
73014446485,51539610005,IMPORTS
73014446486,51539610006,IMPORTS
73014446487,51539610007,IMPORTS
73014446488,51539610008,IMPORTS
73014446489,51539610009,IMPORTS
73014446490,51539610010,IMPORTS
73014446491,51539610011,IMPORTS
73014446492,51539610012,IMPORTS
73014446493,51539610013,IMPORTS
73014446494,51539610014,IMPORTS
73014446495,51539610015,IMPORTS
73014446496,51539610016,IMPORTS
73014446497,51539610017,IMPORTS
73014446498,51539610018,IMPORTS
73014446499,51539610019,IMPORTS
73014446500,51539610020,IMPORTS
73014446501,51539610021,IMPORTS
73014446502,51539610022,IMPORTS
73014446503,51539610023,IMPORTS
73014446504,51539610024,IMPORTS
73014446505,51539610025,IMPORTS
73014446506,51539610026,IMPORTS
73014446507,51539610027,IMPORTS
73014446508,51539610028,IMPORTS
73014446509,51539610029,IMPORTS
73014446510,51539610030,IMPORTS
73014446511,51539610031,IMPORTS
73014446512,51539610032,IMPORTS
73014446513,51539610033,IMPORTS
73014446514,51539610034,IMPORTS
73014446515,51539610035,IMPORTS
73014446516,51539610036,IMPORTS
73014446517,51539610037,IMPORTS
73014446518,51539610038,IMPORTS
73014446519,51539610039,IMPORTS
73014446520,51539610040,IMPORTS
73014446521,51539610041,IMPORTS
73014446522,51539610042,IMPORTS
73014446523,51539610043,IMPORTS
73014446524,51539610044,IMPORTS
73014446525,51539610045,IMPORTS
73014446526,51539610046,IMPORTS
73014446527,51539610047,IMPORTS
73014446528,51539610048,IMPORTS
73014446529,51539610049,IMPORTS
73014446530,51539610050,IMPORTS
73014446531,51539610051,IMPORTS
73014446532,51539610052,IMPORTS
73014446533,51539610053,IMPORTS
73014446534,51539610054,IMPORTS
73014446535,51539610055,IMPORTS
73014446536,51539610056,IMPORTS
73014446537,51539610057,IMPORTS
73014446538,51539610058,IMPORTS
73014446539,51539610059,IMPORTS
73014446540,51539610060,IMPORTS
73014446541,51539610061,IMPORTS
73014446542,51539610062,IMPORTS
73014446543,51539610063,IMPORTS
73014446544,51539610064,IMPORTS
73014446545,51539610065,IMPORTS
73014446546,51539610066,IMPORTS
73014446547,51539610067,IMPORTS
73014446548,51539610068,IMPORTS
73014446549,51539610069,IMPORTS
73014446550,51539610070,IMPORTS
73014446551,51539610071,IMPORTS
73014446552,51539610072,IMPORTS
73014446553,51539610073,IMPORTS
73014446554,51539610074,IMPORTS
73014446555,51539610075,IMPORTS
73014446556,51539610076,IMPORTS
73014446557,51539610077,IMPORTS
73014446558,51539610078,IMPORTS
73014446559,51539610079,IMPORTS
73014446560,51539610080,IMPORTS
73014446561,51539610081,IMPORTS
73014446562,51539610082,IMPORTS
73014446563,51539610083,IMPORTS
73014446564,51539610084,IMPORTS
73014446565,51539610085,IMPORTS
73014446566,51539610086,IMPORTS
73014446567,51539610087,IMPORTS
73014446568,51539610088,IMPORTS
73014446569,51539610089,IMPORTS
73014446570,51539610090,IMPORTS
73014446571,51539610091,IMPORTS
73014446572,51539610092,IMPORTS
73014446573,51539610093,IMPORTS
73014446574,51539610094,IMPORTS
73014446575,51539610095,IMPORTS
73014446576,51539610096,IMPORTS
73014446577,51539610097,IMPORTS
73014446578,51539610098,IMPORTS
73014446579,51539610099,IMPORTS
73014446580,51539610100,IMPORTS
73014446581,51539610101,IMPORTS
73014446582,51539610102,IMPORTS
73014446583,51539610103,IMPORTS
73014446584,51539610104,IMPORTS
73014446585,51539610105,IMPORTS
73014446586,51539610106,IMPORTS
73014446587,51539610107,IMPORTS
73014446588,51539610108,IMPORTS
73014446589,51539610109,IMPORTS
73014446590,51539610110,IMPORTS
73014446591,51539610111,IMPORTS
73014446592,51539610112,IMPORTS
73014446593,51539610113,IMPORTS
73014446594,51539610114,IMPORTS
73014446595,51539610115,IMPORTS
73014446596,51539610116,IMPORTS
73014446597,51539610117,IMPORTS
73014446598,51539610118,IMPORTS
73014446599,51539610119,IMPORTS
73014446600,51539610120,IMPORTS
73014446601,51539610121,IMPORTS
73014446602,51539610122,IMPORTS
73014446603,51539610123,IMPORTS
73014446604,51539610124,IMPORTS
73014446605,51539610125,IMPORTS
73014446606,51539610126,IMPORTS
73014446607,51539610127,IMPORTS
73014446608,51539610128,IMPORTS
73014446609,51539610129,IMPORTS
73014446610,51539610130,IMPORTS
73014446611,51539610131,IMPORTS
73014446612,51539610132,IMPORTS
73014446613,51539610133,IMPORTS
73014446614,51539610134,IMPORTS
73014446615,51539610135,IMPORTS
73014446616,51539610136,IMPORTS
73014446617,51539610137,IMPORTS
73014446618,51539610138,IMPORTS
73014446619,51539610139,IMPORTS
73014446620,51539610140,IMPORTS
73014446621,51539610141,IMPORTS
73014446622,51539610142,IMPORTS
73014446623,51539610143,IMPORTS
73014446624,51539610144,IMPORTS
73014446625,51539610145,IMPORTS
73014446626,51539610146,IMPORTS
73014446627,51539610147,IMPORTS
73014446628,51539610148,IMPORTS
73014446629,51539610149,IMPORTS
73014446630,51539610150,IMPORTS
73014446631,51539610151,IMPORTS
73014446632,51539610152,IMPORTS
73014446633,51539610153,IMPORTS
73014446634,51539610154,IMPORTS
73014446635,51539610155,IMPORTS
73014446636,51539610156,IMPORTS
73014446637,51539610157,IMPORTS
73014446638,51539610158,IMPORTS
73014446639,51539610159,IMPORTS
73014446640,51539610160,IMPORTS
73014446641,51539610161,IMPORTS
73014446642,51539610162,IMPORTS
73014446643,51539610163,IMPORTS
73014446644,51539610164,IMPORTS
73014446645,51539610165,IMPORTS
73014446646,51539610166,IMPORTS
73014446647,51539610167,IMPORTS
73014446648,51539610168,IMPORTS
73014446649,51539610169,IMPORTS
73014446650,51539610170,IMPORTS
73014446651,51539610171,IMPORTS
73014446652,51539610172,IMPORTS
73014446653,51539610173,IMPORTS
73014446654,51539610174,IMPORTS
73014446655,51539610175,IMPORTS
73014446656,51539610176,IMPORTS
73014446657,51539610177,IMPORTS
73014446658,51539610178,IMPORTS
73014446659,51539610179,IMPORTS
73014446660,51539610180,IMPORTS
73014446661,51539610181,IMPORTS
73014446662,51539610182,IMPORTS
73014446663,51539610183,IMPORTS
73014446664,51539610184,IMPORTS
73014446665,51539610185,IMPORTS
73014446666,51539610186,IMPORTS
73014446667,51539610187,IMPORTS
73014446668,51539610188,IMPORTS
73014446669,51539610189,IMPORTS
73014446670,51539610190,IMPORTS
73014446671,51539610191,IMPORTS
73014446672,51539610192,IMPORTS
73014446673,51539610193,IMPORTS
73014446674,51539610194,IMPORTS
73014446675,51539610195,IMPORTS
73014446676,51539610196,IMPORTS
73014446677,51539610197,IMPORTS
73014446678,51539610198,IMPORTS
73014446679,51539610199,IMPORTS
73014446680,51539610200,IMPORTS
73014446681,51539610201,IMPORTS
73014446682,51539610202,IMPORTS
73014446683,51539610203,IMPORTS
73014446684,51539610204,IMPORTS
73014446685,51539610205,IMPORTS
73014446686,51539610206,IMPORTS
73014446687,51539610207,IMPORTS
73014446688,51539610208,IMPORTS
73014446689,51539610209,IMPORTS
73014446690,51539610210,IMPORTS
73014446691,51539610211,IMPORTS
73014446692,51539610212,IMPORTS
73014446693,51539610213,IMPORTS
73014446694,51539610214,IMPORTS
73014446695,51539610215,IMPORTS
73014446696,51539610216,IMPORTS
73014446697,51539610217,IMPORTS
73014446698,51539610218,IMPORTS
73014446699,51539610219,IMPORTS
73014446700,51539610220,IMPORTS
73014446701,51539610221,IMPORTS
73014446702,51539610222,IMPORTS
73014446703,51539610223,IMPORTS
73014446704,51539610224,IMPORTS
73014446705,51539610225,IMPORTS
73014446706,51539610226,IMPORTS
73014446707,51539610227,IMPORTS
73014446708,51539610228,IMPORTS
73014446709,51539610229,IMPORTS
73014446710,51539610230,IMPORTS
73014446711,51539610231,IMPORTS
73014446712,51539610232,IMPORTS
73014446713,51539610233,IMPORTS
73014446714,51539610234,IMPORTS
73014446715,51539610235,IMPORTS
73014446716,51539610236,IMPORTS
73014446717,51539610237,IMPORTS
73014446718,51539610238,IMPORTS
73014446719,51539610239,IMPORTS
73014446720,51539610240,IMPORTS
73014446721,51539610241,IMPORTS
73014446722,51539610242,IMPORTS
73014446723,51539610243,IMPORTS
73014446724,51539610244,IMPORTS
73014446725,51539610245,IMPORTS
73014446726,51539610246,IMPORTS
73014446727,51539610247,IMPORTS
73014446728,51539610248,IMPORTS
73014446729,51539610249,IMPORTS
73014446730,51539610250,IMPORTS
73014446731,51539610251,IMPORTS
73014446732,51539610252,IMPORTS
73014446733,51539610253,IMPORTS
73014446734,51539610254,IMPORTS
73014446735,51539610255,IMPORTS
73014446736,51539610256,IMPORTS
73014446737,51539610257,IMPORTS
73014446738,51539610258,IMPORTS
73014446739,51539610259,IMPORTS
73014446740,51539610260,IMPORTS
73014446741,51539610261,IMPORTS
73014446742,51539610262,IMPORTS
73014446743,51539610263,IMPORTS
73014446744,51539610264,IMPORTS
73014446745,51539610265,IMPORTS
73014446746,51539610266,IMPORTS
73014446747,51539610267,IMPORTS
73014446748,51539610268,IMPORTS
73014446749,51539610269,IMPORTS
73014446750,51539610270,IMPORTS
73014446751,51539610271,IMPORTS
73014446752,51539610272,IMPORTS
73014446753,51539610273,IMPORTS
73014446754,51539610274,IMPORTS
73014446755,51539610275,IMPORTS
73014446756,51539610276,IMPORTS
73014446757,51539610277,IMPORTS
73014446758,51539610278,IMPORTS
73014446759,51539610279,IMPORTS
73014446760,51539610280,IMPORTS
73014446761,51539610281,IMPORTS
73014446762,51539610282,IMPORTS
73014446763,51539610283,IMPORTS
73014446764,51539610284,IMPORTS
73014446765,51539610285,IMPORTS
73014446766,51539610286,IMPORTS
73014446767,51539610287,IMPORTS
73014446768,51539610288,IMPORTS
73014446769,51539610289,IMPORTS
73014446770,51539610290,IMPORTS
73014446771,51539610291,IMPORTS
73014446772,51539610292,IMPORTS
73014446773,51539610293,IMPORTS
73014446774,51539610294,IMPORTS
73014446775,51539610295,IMPORTS
73014446776,51539610296,IMPORTS
73014446777,51539610297,IMPORTS
73014446778,51539610298,IMPORTS
73014446779,51539610299,IMPORTS
73014446780,51539610300,IMPORTS
73014446781,51539610301,IMPORTS
73014446782,51539610302,IMPORTS
73014446783,51539610303,IMPORTS
73014446784,51539610304,IMPORTS
73014446785,51539610305,IMPORTS
73014446786,51539610306,IMPORTS
73014446787,51539610307,IMPORTS
73014446788,51539610308,IMPORTS
73014446789,51539610309,IMPORTS
73014446790,51539610310,IMPORTS
73014446791,51539610311,IMPORTS
73014446792,51539610312,IMPORTS
73014446793,51539610313,IMPORTS
73014446794,51539610314,IMPORTS
73014446795,51539610315,IMPORTS
73014446796,51539610316,IMPORTS
73014446797,51539610317,IMPORTS
73014446798,51539610318,IMPORTS
73014446799,51539610319,IMPORTS
73014446800,51539610320,IMPORTS
73014446801,51539610321,IMPORTS
73014446802,51539610322,IMPORTS
73014446803,51539610323,IMPORTS
73014446804,51539610324,IMPORTS
73014446805,51539610325,IMPORTS
73014446806,51539610326,IMPORTS
73014446807,51539610327,IMPORTS
73014446808,51539610328,IMPORTS
73014446809,51539610329,IMPORTS
73014446810,51539610330,IMPORTS
73014446811,51539610331,IMPORTS
73014446812,51539610332,IMPORTS
73014446813,51539610333,IMPORTS
73014446814,51539610334,IMPORTS
73014446815,51539610335,IMPORTS
73014446816,51539610336,IMPORTS
73014446817,51539610337,IMPORTS
73014446818,51539610338,IMPORTS
73014446819,51539610339,IMPORTS
73014446820,51539610340,IMPORTS
73014446821,51539610341,IMPORTS
73014446822,51539610342,IMPORTS
73014446823,51539610343,IMPORTS
73014446824,51539610344,IMPORTS
73014446825,51539610345,IMPORTS
73014446826,51539610346,IMPORTS
73014446827,51539610347,IMPORTS
73014446828,51539610348,IMPORTS
73014446829,51539610349,IMPORTS
73014446830,51539610350,IMPORTS
73014446831,51539610351,IMPORTS
73014446832,51539610352,IMPORTS
73014446833,51539610353,IMPORTS
73014446834,51539610354,IMPORTS
73014446835,51539610355,IMPORTS
73014446836,51539610356,IMPORTS
73014446837,51539610357,IMPORTS
73014446838,51539610358,IMPORTS
73014446839,51539610359,IMPORTS
73014446840,51539610360,IMPORTS
73014446841,51539610361,IMPORTS
73014446842,51539610362,IMPORTS
73014446843,51539610363,IMPORTS
73014446844,51539610364,IMPORTS
73014446845,51539610365,IMPORTS
73014446846,51539610366,IMPORTS
73014446847,51539610367,IMPORTS
73014446848,51539610368,IMPORTS
73014446849,51539610369,IMPORTS
73014446850,51539610370,IMPORTS
73014446851,51539610371,IMPORTS
73014446852,51539610372,IMPORTS
73014446853,51539610373,IMPORTS
73014446854,51539610374,IMPORTS
73014446855,51539610375,IMPORTS
73014446856,51539610376,IMPORTS
73014446857,51539610377,IMPORTS
73014446858,51539610378,IMPORTS
73014446859,51539610379,IMPORTS
73014446860,51539610380,IMPORTS
73014446861,51539610381,IMPORTS
73014446862,51539610382,IMPORTS
73014446863,51539610383,IMPORTS
73014446864,51539610384,IMPORTS
73014446865,51539610385,IMPORTS
73014446866,51539610386,IMPORTS
73014446867,51539610387,IMPORTS
73014446868,51539610388,IMPORTS
73014446869,51539610389,IMPORTS
73014446870,51539610390,IMPORTS
73014446871,51539610391,IMPORTS
73014446872,51539610392,IMPORTS
73014446873,51539610393,IMPORTS
73014446874,51539610394,IMPORTS
73014446875,51539610395,IMPORTS
73014446876,51539610396,IMPORTS
73014446877,51539610397,IMPORTS
73014446878,51539610398,IMPORTS
73014446879,51539610399,IMPORTS
73014446880,51539610400,IMPORTS
73014446881,51539610401,IMPORTS
73014446882,51539610402,IMPORTS
73014446883,51539610403,IMPORTS
73014446884,51539610404,IMPORTS
73014446885,51539610405,IMPORTS
73014446886,51539610406,IMPORTS
73014446887,51539610407,IMPORTS
73014446888,51539610408,IMPORTS
