171798691844,163208758549,INHERITS_FROM
171798691847,163208762682,INHERITS_FROM
171798691848,163208762682,INHERITS_FROM
171798691849,163208762682,INHERITS_FROM
171798691850,163208762682,INHERITS_FROM
171798691851,163208762682,INHERITS_FROM
171798691852,163208762682,INHERITS_FROM
171798691853,163208762682,INHERITS_FROM
171798691854,163208762682,INHERITS_FROM
171798691867,163208758338,INHERITS_FROM
171798691868,163208758549,INHERITS_FROM
171798691872,163208762682,INHERITS_FROM
171798691875,163208762682,INHERITS_FROM
171798691897,163208762682,INHERITS_FROM
171798691907,163208758549,INHERITS_FROM
171798691911,163208762682,INHERITS_FROM
171798691912,163208762682,INHERITS_FROM
171798691929,163208762682,INHERITS_FROM
171798691939,163208758549,INHERITS_FROM
171798691941,163208762682,INHERITS_FROM
171798691943,163208762682,INHERITS_FROM
171798691950,163208758549,INHERITS_FROM
171798691974,163208762569,INHERITS_FROM
171798691975,163208762569,INHERITS_FROM
171798691976,163208762569,INHERITS_FROM
171798692016,163208758537,INHERITS_FROM
171798692017,163208758537,INHERITS_FROM
171798692316,163208762682,INHERITS_FROM
171798692320,163208762682,INHERITS_FROM
171798692322,163208762682,INHERITS_FROM
171798692404,163208762682,INHERITS_FROM
171798692463,163208762682,INHERITS_FROM
171798692487,163208759523,INHERITS_FROM
171798692514,163208762682,INHERITS_FROM
171798692526,163208762682,INHERITS_FROM
171798692527,163208762682,INHERITS_FROM
171798692529,163208762682,INHERITS_FROM
171798692605,163208762682,INHERITS_FROM
171798692734,163208762682,INHERITS_FROM
171798692774,163208762682,INHERITS_FROM
171798692775,163208762682,INHERITS_FROM
171798692793,163208762682,INHERITS_FROM
171798692947,163208762682,INHERITS_FROM
171798692949,163208762682,INHERITS_FROM
171798692961,163208762682,INHERITS_FROM
171798693068,163208762682,INHERITS_FROM
171798693069,163208762682,INHERITS_FROM
171798693088,163208762682,INHERITS_FROM
171798693095,163208762682,INHERITS_FROM
171798693096,163208762682,INHERITS_FROM
171798693100,163208762682,INHERITS_FROM
171798693109,163208762682,INHERITS_FROM
171798693111,163208762682,INHERITS_FROM
171798693113,163208762682,INHERITS_FROM
171798693117,163208762682,INHERITS_FROM
171798693125,163208762682,INHERITS_FROM
171798693127,163208762682,INHERITS_FROM
171798693128,163208762682,INHERITS_FROM
171798693132,163208762682,INHERITS_FROM
171798693133,163208762682,INHERITS_FROM
171798693152,163208762682,INHERITS_FROM
171798693159,163208762682,INHERITS_FROM
171798693161,163208762682,INHERITS_FROM
171798693165,163208762682,INHERITS_FROM
171798693166,163208762682,INHERITS_FROM
171798693170,163208762682,INHERITS_FROM
171798693171,163208762682,INHERITS_FROM
171798693181,163208762682,INHERITS_FROM
171798693186,163208762682,INHERITS_FROM
171798693193,163208762682,INHERITS_FROM
171798693195,163208762682,INHERITS_FROM
171798693206,163208762682,INHERITS_FROM
171798693210,163208762682,INHERITS_FROM
171798693223,163208762682,INHERITS_FROM
171798693224,163208762682,INHERITS_FROM
171798693245,163208762682,INHERITS_FROM
171798693267,163208762682,INHERITS_FROM
171798693275,163208762682,INHERITS_FROM
171798693308,163208762682,INHERITS_FROM
171798693331,163208762682,INHERITS_FROM
171798693337,163208762682,INHERITS_FROM
171798693343,163208762682,INHERITS_FROM
171798693346,163208762682,INHERITS_FROM
171798693351,163208762682,INHERITS_FROM
171798693356,163208757542,INHERITS_FROM
171798693364,163208762682,INHERITS_FROM
171798693365,163208762682,INHERITS_FROM
171798693379,163208762682,INHERITS_FROM
171798693382,163208762682,INHERITS_FROM
171798693383,163208762682,INHERITS_FROM
171798693384,163208762682,INHERITS_FROM
171798693386,163208762682,INHERITS_FROM
171798693397,163208762682,INHERITS_FROM
171798693399,163208762682,INHERITS_FROM
171798693401,163208762682,INHERITS_FROM
171798693403,163208762682,INHERITS_FROM
171798693405,163208762682,INHERITS_FROM
171798693410,163208762682,INHERITS_FROM
171798693412,163208762682,INHERITS_FROM
171798693420,163208762682,INHERITS_FROM
171798693421,163208762682,INHERITS_FROM
171798693449,163208762682,INHERITS_FROM
171798693452,163208762682,INHERITS_FROM
171798693457,163208762682,INHERITS_FROM
171798693463,163208762682,INHERITS_FROM
171798693464,163208762682,INHERITS_FROM
171798693465,163208762682,INHERITS_FROM
171798693466,163208762682,INHERITS_FROM
171798693467,163208762682,INHERITS_FROM
171798693468,163208762682,INHERITS_FROM
171798693480,163208762682,INHERITS_FROM
171798693482,163208762682,INHERITS_FROM
171798693492,163208762682,INHERITS_FROM
171798693500,163208762682,INHERITS_FROM
171798693501,163208762682,INHERITS_FROM
171798693512,163208757542,INHERITS_FROM
171798693513,163208762682,INHERITS_FROM
171798693542,163208762682,INHERITS_FROM
171798693543,163208762682,INHERITS_FROM
171798693544,163208762682,INHERITS_FROM
171798693545,163208762682,INHERITS_FROM
171798693546,163208762682,INHERITS_FROM
171798693554,163208762682,INHERITS_FROM
171798693573,163208762682,INHERITS_FROM
171798693574,163208762682,INHERITS_FROM
171798693575,163208762682,INHERITS_FROM
171798693596,163208762682,INHERITS_FROM
171798693603,163208762682,INHERITS_FROM
171798693726,163208762682,INHERITS_FROM
171798693727,163208762682,INHERITS_FROM
171798693730,163208762682,INHERITS_FROM
171798693746,163208762682,INHERITS_FROM
171798693747,163208762682,INHERITS_FROM
171798693748,163208762682,INHERITS_FROM
171798693749,163208762682,INHERITS_FROM
171798693750,163208762682,INHERITS_FROM
171798693751,163208762682,INHERITS_FROM
171798693793,163208762682,INHERITS_FROM
171798693794,163208762682,INHERITS_FROM
171798693815,163208762682,INHERITS_FROM
171798693826,163208757542,INHERITS_FROM
171798693849,163208762682,INHERITS_FROM
171798693850,163208762682,INHERITS_FROM
171798693871,163208762682,INHERITS_FROM
171798693872,163208762682,INHERITS_FROM
171798693881,163208762682,INHERITS_FROM
171798693899,163208762682,INHERITS_FROM
171798693906,163208762682,INHERITS_FROM
171798693907,163208762682,INHERITS_FROM
171798693919,163208762682,INHERITS_FROM
171798693920,163208762682,INHERITS_FROM
171798693937,163208762682,INHERITS_FROM
171798693954,163208762682,INHERITS_FROM
171798693956,163208762682,INHERITS_FROM
171798693958,163208762682,INHERITS_FROM
171798693967,163208762682,INHERITS_FROM
171798693969,163208762682,INHERITS_FROM
171798693974,163208762682,INHERITS_FROM
171798693975,163208762682,INHERITS_FROM
171798693978,163208762682,INHERITS_FROM
171798693986,163208762682,INHERITS_FROM
171798694004,163208762682,INHERITS_FROM
171798694005,163208762682,INHERITS_FROM
171798694032,163208762682,INHERITS_FROM
171798694055,163208762682,INHERITS_FROM
171798694056,163208762682,INHERITS_FROM
171798694058,163208762682,INHERITS_FROM
171798694059,163208762682,INHERITS_FROM
171798694061,163208762682,INHERITS_FROM
171798694062,163208762682,INHERITS_FROM
171798694066,163208762682,INHERITS_FROM
171798694073,163208762682,INHERITS_FROM
171798694077,163208762682,INHERITS_FROM
171798694079,163208762682,INHERITS_FROM
171798694083,163208762682,INHERITS_FROM
171798694108,163208762682,INHERITS_FROM
171798694126,163208762682,INHERITS_FROM
171798694127,163208762682,INHERITS_FROM
171798694147,163208762682,INHERITS_FROM
171798694148,163208762682,INHERITS_FROM
171798694149,163208762682,INHERITS_FROM
171798694150,163208762682,INHERITS_FROM
171798694151,163208762682,INHERITS_FROM
171798694152,163208762682,INHERITS_FROM
171798694155,163208762682,INHERITS_FROM
171798694159,163208762682,INHERITS_FROM
171798694187,163208762682,INHERITS_FROM
171798694201,163208762682,INHERITS_FROM
171798694204,163208762682,INHERITS_FROM
171798694228,163208762682,INHERITS_FROM
171798694229,163208762682,INHERITS_FROM
171798694233,163208762682,INHERITS_FROM
171798694252,163208757542,INHERITS_FROM
171798694303,163208762682,INHERITS_FROM
171798694305,163208762682,INHERITS_FROM
171798694307,163208762682,INHERITS_FROM
171798694313,163208762682,INHERITS_FROM
171798694314,163208762682,INHERITS_FROM
171798694317,163208762682,INHERITS_FROM
171798694320,163208762682,INHERITS_FROM
171798694358,163208762682,INHERITS_FROM
171798694362,163208762682,INHERITS_FROM
171798694366,163208762682,INHERITS_FROM
171798694379,163208758549,INHERITS_FROM
171798694398,163208762682,INHERITS_FROM
171798694405,163208762682,INHERITS_FROM
171798694406,163208762682,INHERITS_FROM
171798694407,163208762682,INHERITS_FROM
171798694408,163208762682,INHERITS_FROM
171798694411,163208762682,INHERITS_FROM
171798694453,163208762682,INHERITS_FROM
171798694454,163208762682,INHERITS_FROM
171798694497,163208762682,INHERITS_FROM
171798694498,163208762682,INHERITS_FROM
171798694499,163208762682,INHERITS_FROM
171798694500,163208762682,INHERITS_FROM
171798694525,163208762682,INHERITS_FROM
171798694526,163208762682,INHERITS_FROM
171798694527,163208762682,INHERITS_FROM
171798694528,163208762682,INHERITS_FROM
171798694529,163208762682,INHERITS_FROM
171798694530,163208762682,INHERITS_FROM
171798694531,163208762682,INHERITS_FROM
171798694532,163208762682,INHERITS_FROM
171798694542,163208762682,INHERITS_FROM
171798694545,163208762682,INHERITS_FROM
171798694572,163208762682,INHERITS_FROM
171798694574,163208762682,INHERITS_FROM
171798694591,163208762682,INHERITS_FROM
171798694594,163208762682,INHERITS_FROM
171798694595,163208762682,INHERITS_FROM
171798694596,163208762682,INHERITS_FROM
171798694597,163208762682,INHERITS_FROM
171798694600,163208762682,INHERITS_FROM
171798694602,163208762682,INHERITS_FROM
171798694606,163208762682,INHERITS_FROM
171798694608,163208762682,INHERITS_FROM
171798694610,163208758768,INHERITS_FROM
171798694666,163208762682,INHERITS_FROM
171798694678,163208762682,INHERITS_FROM
171798694706,163208762682,INHERITS_FROM
171798694735,163208762682,INHERITS_FROM
171798694739,163208762682,INHERITS_FROM
171798694820,163208762682,INHERITS_FROM
171798694821,163208762682,INHERITS_FROM
171798694826,163208762682,INHERITS_FROM
171798694856,163208762682,INHERITS_FROM
171798694867,163208762682,INHERITS_FROM
171798694875,163208762682,INHERITS_FROM
171798694877,163208762682,INHERITS_FROM
171798694900,163208762682,INHERITS_FROM
171798694927,163208762682,INHERITS_FROM
171798694932,163208762682,INHERITS_FROM
171798694940,163208762682,INHERITS_FROM
171798694941,163208762682,INHERITS_FROM
171798694952,163208762682,INHERITS_FROM
171798694953,163208762682,INHERITS_FROM
171798694954,163208762682,INHERITS_FROM
171798694955,163208762682,INHERITS_FROM
171798694956,163208762682,INHERITS_FROM
171798694957,163208762682,INHERITS_FROM
171798694958,163208762682,INHERITS_FROM
171798694959,163208762682,INHERITS_FROM
171798694960,163208762682,INHERITS_FROM
171798694961,163208762682,INHERITS_FROM
171798694962,163208762682,INHERITS_FROM
171798694963,163208762682,INHERITS_FROM
171798694964,163208762682,INHERITS_FROM
171798694965,163208762682,INHERITS_FROM
171798694966,163208762682,INHERITS_FROM
171798694967,163208762682,INHERITS_FROM
171798694968,163208762682,INHERITS_FROM
171798694969,163208762682,INHERITS_FROM
171798694970,163208762682,INHERITS_FROM
171798694971,163208762682,INHERITS_FROM
171798694972,163208762682,INHERITS_FROM
171798694973,163208762682,INHERITS_FROM
171798694974,163208762682,INHERITS_FROM
171798694975,163208762682,INHERITS_FROM
171798694976,163208762682,INHERITS_FROM
171798694977,163208762682,INHERITS_FROM
171798694978,163208762682,INHERITS_FROM
171798694979,163208762682,INHERITS_FROM
171798694980,163208762682,INHERITS_FROM
171798694981,163208762682,INHERITS_FROM
171798694982,163208762682,INHERITS_FROM
171798694983,163208762682,INHERITS_FROM
171798694984,163208762682,INHERITS_FROM
171798694985,163208762682,INHERITS_FROM
171798694986,163208762682,INHERITS_FROM
171798694987,163208762682,INHERITS_FROM
171798694988,163208762682,INHERITS_FROM
171798694989,163208762682,INHERITS_FROM
171798694990,163208762682,INHERITS_FROM
171798694991,163208762682,INHERITS_FROM
171798694992,163208762682,INHERITS_FROM
171798694993,163208762682,INHERITS_FROM
171798694994,163208762682,INHERITS_FROM
171798694995,163208762682,INHERITS_FROM
171798694996,163208762682,INHERITS_FROM
171798694997,163208762682,INHERITS_FROM
171798694998,163208762682,INHERITS_FROM
171798694999,163208762682,INHERITS_FROM
171798695000,163208762682,INHERITS_FROM
171798695001,163208762682,INHERITS_FROM
171798695002,163208762682,INHERITS_FROM
171798695003,163208762682,INHERITS_FROM
171798695004,163208762682,INHERITS_FROM
171798695005,163208762682,INHERITS_FROM
171798695006,163208762682,INHERITS_FROM
171798695007,163208762682,INHERITS_FROM
171798695008,163208762682,INHERITS_FROM
171798695009,163208762682,INHERITS_FROM
171798695010,163208762682,INHERITS_FROM
171798695011,163208762682,INHERITS_FROM
171798695018,163208762682,INHERITS_FROM
171798695021,163208762682,INHERITS_FROM
171798695022,163208762682,INHERITS_FROM
171798695023,163208762682,INHERITS_FROM
171798695024,163208762682,INHERITS_FROM
171798695025,163208762682,INHERITS_FROM
171798695026,163208762682,INHERITS_FROM
171798695030,163208762682,INHERITS_FROM
171798695040,163208762682,INHERITS_FROM
171798695041,163208762682,INHERITS_FROM
171798695042,163208762682,INHERITS_FROM
171798695043,163208762682,INHERITS_FROM
171798695061,163208762682,INHERITS_FROM
171798695086,163208762682,INHERITS_FROM
171798695127,163208762682,INHERITS_FROM
171798695128,163208762682,INHERITS_FROM
171798695138,163208762682,INHERITS_FROM
171798695144,163208762682,INHERITS_FROM
171798695149,163208762682,INHERITS_FROM
171798695154,163208762682,INHERITS_FROM
171798695160,163208762682,INHERITS_FROM
171798695190,163208762682,INHERITS_FROM
171798695195,163208762682,INHERITS_FROM
171798695197,163208762682,INHERITS_FROM
171798695199,163208762682,INHERITS_FROM
171798695201,163208762682,INHERITS_FROM
171798695203,163208762682,INHERITS_FROM
171798695222,163208762682,INHERITS_FROM
171798695242,163208762682,INHERITS_FROM
171798695252,163208762682,INHERITS_FROM
171798695264,163208762682,INHERITS_FROM
171798695271,163208762682,INHERITS_FROM
171798695273,163208762682,INHERITS_FROM
171798695274,163208762682,INHERITS_FROM
171798695275,163208762682,INHERITS_FROM
171798695276,163208762682,INHERITS_FROM
171798695277,163208762682,INHERITS_FROM
171798695280,163208762682,INHERITS_FROM
171798695288,163208762682,INHERITS_FROM
171798695290,163208762682,INHERITS_FROM
171798695304,163208762682,INHERITS_FROM
171798695319,163208762682,INHERITS_FROM
171798695357,163208762682,INHERITS_FROM
171798695372,163208762682,INHERITS_FROM
171798695396,163208762682,INHERITS_FROM
171798695397,163208762682,INHERITS_FROM
171798695399,163208762682,INHERITS_FROM
171798695400,163208762682,INHERITS_FROM
171798695405,163208762682,INHERITS_FROM
171798695406,163208762682,INHERITS_FROM
171798695407,163208762682,INHERITS_FROM
171798695408,163208762682,INHERITS_FROM
171798695415,163208762682,INHERITS_FROM
171798695435,163208762682,INHERITS_FROM
171798695508,163208762682,INHERITS_FROM
171798695510,163208762682,INHERITS_FROM
171798695512,163208762682,INHERITS_FROM
171798695514,163208762682,INHERITS_FROM
171798695521,163208762682,INHERITS_FROM
171798695523,163208762682,INHERITS_FROM
171798695524,163208762682,INHERITS_FROM
171798695526,163208762682,INHERITS_FROM
171798695528,163208762682,INHERITS_FROM
171798695532,163208762682,INHERITS_FROM
171798695533,163208762682,INHERITS_FROM
171798695540,163208762682,INHERITS_FROM
171798695548,163208762682,INHERITS_FROM
171798695550,163208762682,INHERITS_FROM
171798695552,163208762682,INHERITS_FROM
171798695554,163208762682,INHERITS_FROM
171798695559,163208762682,INHERITS_FROM
171798695561,163208762682,INHERITS_FROM
171798695602,163208762682,INHERITS_FROM
171798695603,163208762682,INHERITS_FROM
171798695607,163208762682,INHERITS_FROM
171798695617,163208762682,INHERITS_FROM
171798695618,163208762682,INHERITS_FROM
171798695619,163208762682,INHERITS_FROM
171798695620,163208762682,INHERITS_FROM
171798695636,163208762682,INHERITS_FROM
171798695663,163208762682,INHERITS_FROM
171798695670,163208762682,INHERITS_FROM
171798695671,163208762682,INHERITS_FROM
171798695672,163208762682,INHERITS_FROM
171798695673,163208762682,INHERITS_FROM
171798695681,163208762682,INHERITS_FROM
171798695682,163208762682,INHERITS_FROM
171798695683,163208762682,INHERITS_FROM
171798695699,163208762682,INHERITS_FROM
171798695746,163208762682,INHERITS_FROM
171798695780,163208762682,INHERITS_FROM
171798695782,163208762682,INHERITS_FROM
171798695793,163208762682,INHERITS_FROM
171798695810,163208762682,INHERITS_FROM
171798695815,163208762682,INHERITS_FROM
171798695824,163208762682,INHERITS_FROM
171798695850,163208762682,INHERITS_FROM
171798695857,163208762682,INHERITS_FROM
171798695871,163208762682,INHERITS_FROM
171798695873,163208762682,INHERITS_FROM
171798695889,163208762682,INHERITS_FROM
171798695900,163208762682,INHERITS_FROM
171798695901,163208762682,INHERITS_FROM
171798695903,163208762682,INHERITS_FROM
171798695904,163208762682,INHERITS_FROM
171798695905,163208762682,INHERITS_FROM
171798695907,163208762682,INHERITS_FROM
171798695911,163208762682,INHERITS_FROM
171798695914,163208762682,INHERITS_FROM
171798695915,163208762682,INHERITS_FROM
171798695917,163208762682,INHERITS_FROM
171798695918,163208762682,INHERITS_FROM
171798695935,163208762682,INHERITS_FROM
171798695950,163208762682,INHERITS_FROM
171798695955,163208762682,INHERITS_FROM
171798695957,163208762682,INHERITS_FROM
171798695959,163208762682,INHERITS_FROM
171798695976,163208762682,INHERITS_FROM
171798695978,163208762682,INHERITS_FROM
171798695979,163208762682,INHERITS_FROM
171798695982,163208762682,INHERITS_FROM
171798695983,163208762682,INHERITS_FROM
171798695984,163208762682,INHERITS_FROM
171798695985,163208762682,INHERITS_FROM
171798695986,163208762682,INHERITS_FROM
171798695988,163208762682,INHERITS_FROM
171798695989,163208762682,INHERITS_FROM
171798695994,163208762682,INHERITS_FROM
171798695995,163208762682,INHERITS_FROM
171798695996,163208762682,INHERITS_FROM
171798695998,163208762682,INHERITS_FROM
171798695999,163208762682,INHERITS_FROM
171798696000,163208762682,INHERITS_FROM
171798696004,163208762682,INHERITS_FROM
171798696007,163208762682,INHERITS_FROM
171798696008,163208762682,INHERITS_FROM
171798696009,163208762682,INHERITS_FROM
171798696010,163208762682,INHERITS_FROM
171798696011,163208762682,INHERITS_FROM
171798696020,163208762682,INHERITS_FROM
171798696028,163208762682,INHERITS_FROM
171798696030,163208762682,INHERITS_FROM
171798696031,163208762682,INHERITS_FROM
171798696034,163208762682,INHERITS_FROM
171798696036,163208758768,INHERITS_FROM
171798696038,163208762682,INHERITS_FROM
171798696039,163208762682,INHERITS_FROM
171798696044,163208762682,INHERITS_FROM
171798696045,163208762682,INHERITS_FROM
171798696046,163208762682,INHERITS_FROM
171798696047,163208762682,INHERITS_FROM
171798696050,163208762682,INHERITS_FROM
171798696054,163208762682,INHERITS_FROM
171798696055,163208762682,INHERITS_FROM
171798696056,163208762682,INHERITS_FROM
171798696057,163208762682,INHERITS_FROM
171798696058,163208762682,INHERITS_FROM
171798696059,163208762682,INHERITS_FROM
171798696060,163208762682,INHERITS_FROM
171798696061,163208762682,INHERITS_FROM
171798696063,163208762682,INHERITS_FROM
171798696072,163208762682,INHERITS_FROM
171798696073,163208762682,INHERITS_FROM
171798696075,163208762682,INHERITS_FROM
171798696076,163208762682,INHERITS_FROM
171798696077,163208762682,INHERITS_FROM
171798696078,163208762682,INHERITS_FROM
171798696079,163208762682,INHERITS_FROM
171798696080,163208762682,INHERITS_FROM
171798696081,163208762682,INHERITS_FROM
171798696082,163208762682,INHERITS_FROM
171798696083,163208762682,INHERITS_FROM
171798696085,163208758388,INHERITS_FROM
171798696086,163208762682,INHERITS_FROM
171798696087,163208758768,INHERITS_FROM
171798696088,163208758795,INHERITS_FROM
171798696089,163208758795,INHERITS_FROM
171798696093,163208759872,INHERITS_FROM
171798696094,163208762682,INHERITS_FROM
171798696095,163208762682,INHERITS_FROM
171798696100,163208762682,INHERITS_FROM
171798696101,163208762682,INHERITS_FROM
171798696104,163208762682,INHERITS_FROM
171798696109,163208762682,INHERITS_FROM
171798696111,163208762682,INHERITS_FROM
171798696114,163208762682,INHERITS_FROM
171798696116,163208762682,INHERITS_FROM
171798696117,163208762682,INHERITS_FROM
171798696122,163208762682,INHERITS_FROM
171798696123,163208762682,INHERITS_FROM
171798696125,163208762682,INHERITS_FROM
171798696127,163208762682,INHERITS_FROM
171798696138,163208762682,INHERITS_FROM
171798696140,163208759872,INHERITS_FROM
171798696141,163208762682,INHERITS_FROM
171798696152,163208762682,INHERITS_FROM
171798696154,163208758388,INHERITS_FROM
171798696155,163208762682,INHERITS_FROM
171798696156,163208762682,INHERITS_FROM
171798696157,163208762682,INHERITS_FROM
171798696167,163208762682,INHERITS_FROM
171798696168,163208762682,INHERITS_FROM
171798696171,163208760628,INHERITS_FROM
171798696173,163208762682,INHERITS_FROM
171798696174,163208762682,INHERITS_FROM
171798696175,163208762682,INHERITS_FROM
171798696176,163208762682,INHERITS_FROM
171798696177,163208762682,INHERITS_FROM
171798696178,163208762682,INHERITS_FROM
171798696179,163208762682,INHERITS_FROM
171798696180,163208762682,INHERITS_FROM
171798696181,163208762682,INHERITS_FROM
171798696182,163208762682,INHERITS_FROM
171798696183,163208762682,INHERITS_FROM
171798696184,163208762682,INHERITS_FROM
171798696185,163208762682,INHERITS_FROM
171798696186,163208762682,INHERITS_FROM
171798696187,163208762682,INHERITS_FROM
171798696188,163208762682,INHERITS_FROM
171798696189,163208762682,INHERITS_FROM
171798696190,163208762682,INHERITS_FROM
171798696191,163208762682,INHERITS_FROM
171798696192,163208762682,INHERITS_FROM
171798696193,163208762682,INHERITS_FROM
171798696194,163208762682,INHERITS_FROM
171798696195,163208762682,INHERITS_FROM
171798696196,163208762682,INHERITS_FROM
171798696197,163208762682,INHERITS_FROM
171798696198,163208762682,INHERITS_FROM
171798696199,163208762682,INHERITS_FROM
171798696200,163208762682,INHERITS_FROM
171798696201,163208762682,INHERITS_FROM
171798696202,163208762682,INHERITS_FROM
171798696203,163208762682,INHERITS_FROM
171798696204,163208762682,INHERITS_FROM
171798696205,163208762682,INHERITS_FROM
171798696206,163208762682,INHERITS_FROM
171798696207,163208762682,INHERITS_FROM
171798696208,163208762682,INHERITS_FROM
171798696209,163208762682,INHERITS_FROM
171798696210,163208762682,INHERITS_FROM
171798696211,163208762682,INHERITS_FROM
171798696212,163208762682,INHERITS_FROM
171798696213,163208762682,INHERITS_FROM
171798696214,163208762682,INHERITS_FROM
171798696218,163208762682,INHERITS_FROM
171798696225,163208757429,INHERITS_FROM
171798696226,163208762682,INHERITS_FROM
171798696227,163208762682,INHERITS_FROM
171798696228,163208762682,INHERITS_FROM
171798696229,163208762682,INHERITS_FROM
171798696230,163208762682,INHERITS_FROM
171798696231,163208762682,INHERITS_FROM
171798696232,163208762682,INHERITS_FROM
171798696233,163208762682,INHERITS_FROM
171798696238,163208762682,INHERITS_FROM
171798696248,163208760622,INHERITS_FROM
171798696249,163208762682,INHERITS_FROM
171798696250,163208762682,INHERITS_FROM
171798696251,163208762682,INHERITS_FROM
171798696254,163208760622,INHERITS_FROM
171798696255,163208762682,INHERITS_FROM
171798696256,163208759883,INHERITS_FROM
171798696257,163208762682,INHERITS_FROM
171798696258,163208758612,INHERITS_FROM
171798696260,163208758612,INHERITS_FROM
171798696262,163208758612,INHERITS_FROM
171798696264,163208759968,INHERITS_FROM
171798696266,163208758612,INHERITS_FROM
171798696267,163208762682,INHERITS_FROM
171798696268,163208762682,INHERITS_FROM
171798696269,163208762682,INHERITS_FROM
171798696294,163208762682,INHERITS_FROM
171798696295,163208762682,INHERITS_FROM
171798696296,163208762682,INHERITS_FROM
171798696297,163208762682,INHERITS_FROM
171798696298,163208762682,INHERITS_FROM
171798696313,163208758549,INHERITS_FROM
171798696416,163208762682,INHERITS_FROM
171798696420,163208762682,INHERITS_FROM
171798696421,163208762682,INHERITS_FROM
171798696422,163208762682,INHERITS_FROM
171798696423,163208762682,INHERITS_FROM
171798696424,163208762682,INHERITS_FROM
171798696425,163208762682,INHERITS_FROM
